id_mundial,id_partido,id_jugador,id_seleccion,minuto,tipo_gol
22,10,278,1,33,penal
22,10,162,58,75,normal
22,10,247,58,83,normal
22,28,36,38,62,normal
22,28,239,1,83,normal
22,44,274,1,10,normal
22,44,306,25,58,normal
22,44,307,25,70,normal
22,44,240,1,73,normal
22,44,240,1,85,normal
22,44,239,1,89,normal
22,5,5,7,10,penal
22,5,59,5,48,normal
22,5,55,5,53,normal
22,22,311,70,39,normal
22,22,10,70,82,normal
22,39,292,62,47,normal
22,39,256,62,52,normal
22,39,55,5,90,normal
20,161,62,6,26,normal
20,161,63,6,28,normal
20,161,61,6,38,normal
20,161,99,24,50,normal
20,161,451,6,62,normal
20,161,472,24,72,normal
20,177,471,76,6,normal
20,177,62,6,60,normal
20,183,439,1,92,normal
20,183,482,1,120,normal
20,183,61,6,120,normal
22,57,294,7,35,normal
22,57,5,7,73,penal
22,57,244,66,83,normal
22,57,244,66,90,normal
22,61,5,7,34,penal
22,61,230,7,39,normal
22,61,230,7,69,normal
22,64,5,7,23,penal
22,64,33,7,36,normal
22,64,6,40,80,penal
22,64,6,40,81,normal
22,64,5,7,108,normal
22,64,6,40,118,penal
22,21,266,8,23,normal
22,37,72,8,60,normal
22,50,5,7,35,normal
22,50,230,7,57,normal
22,50,269,8,77,autogol
16,388,755,16,77,normal
16,388,761,9,90,normal
16,404,705,20,70,normal
16,404,771,9,90,normal
16,418,351,56,48,normal
16,418,349,56,90,normal
16,418,737,9,90,penal
22,12,250,14,44,normal
22,26,171,61,73,normal
22,26,245,61,90,normal
22,48,234,16,90,normal
22,54,308,12,7,normal
22,54,15,12,13,normal
22,54,233,12,29,normal
22,54,298,12,36,normal
22,54,297,24,76,normal
22,58,15,12,105,normal
22,58,300,27,117,normal
22,27,90,17,2,normal
22,27,112,27,36,normal
22,27,288,27,44,normal
22,27,112,27,70,normal
22,27,291,27,90,normal
22,42,172,61,4,normal
22,42,167,61,23,normal
22,42,1585,17,40,autogol
22,1,21,31,16,penal
22,1,21,31,31,normal
22,18,263,77,41,normal
22,18,264,77,48,normal
22,18,91,18,78,normal
22,18,265,77,84,normal
22,33,231,66,26,normal
22,33,261,66,49,normal
21,96,92,22,40,normal
21,96,390,22,70,normal
21,96,385,22,75,normal
21,113,92,22,74,normal
21,121,25,49,57,penal
21,121,92,22,90,normal
22,30,148,42,24,normal
22,30,145,42,34,normal
22,30,235,24,58,normal
22,30,235,24,61,normal
22,30,145,42,68,normal
22,46,282,71,5,normal
22,46,284,24,27,normal
22,46,283,24,90,normal
20,135,161,58,16,normal
20,135,103,26,64,normal
20,135,106,26,66,normal
20,150,22,22,64,normal
20,150,94,22,70,normal
20,150,106,26,73,normal
20,167,488,43,42,normal
20,167,103,26,74,normal
20,167,487,43,90,penal
22,63,279,27,7,normal
22,63,260,61,9,normal
22,63,296,27,42,normal
22,19,231,66,6,normal
22,19,21,31,49,normal
22,34,207,77,44,normal
22,34,117,31,67,normal
22,34,287,77,70,normal
21,67,396,89,89,normal
21,82,3556,76,47,autogol
21,82,356,76,59,normal
21,82,368,76,62,normal
21,82,121,32,73,penal
21,99,121,32,22,normal
21,99,373,5,45,penal
21,99,55,5,90,normal
16,386,706,12,5,normal
16,386,726,35,38,penal
16,386,2406,12,74,autogol
16,402,180,64,46,normal
16,402,724,35,66,normal
16,419,168,61,23,normal
16,419,169,61,46,normal
16,419,168,61,85,normal
22,43,36,38,11,normal
22,43,162,58,48,normal
22,43,166,58,51,normal
22,36,301,39,38,normal
22,49,262,66,10,normal
22,49,252,66,45,normal
22,49,139,39,76,normal
22,49,267,66,81,normal
22,59,305,40,17,normal
22,59,25,49,54,penal
22,59,14,40,78,normal
22,62,281,40,5,normal
22,62,286,40,79,normal
22,15,9,71,65,penal
22,15,144,42,73,normal
22,15,268,71,78,normal
22,15,241,71,80,normal
22,15,253,42,89,normal
22,45,236,89,26,normal
22,45,236,89,32,normal
10,702,149,44,46,normal
10,702,1105,56,52,normal
10,702,1044,56,66,normal
10,702,1084,56,79,normal
10,710,334,70,17,normal
10,710,1051,70,18,normal
10,710,336,70,30,normal
10,710,1095,70,31,normal
10,710,336,70,34,normal
10,710,336,70,50,normal
10,710,334,70,87,normal
10,717,1083,7,15,normal
10,717,1055,7,18,normal
10,717,1085,7,55,normal
10,717,149,44,63,normal
10,717,1083,7,68,normal
22,35,232,49,50,normal
22,35,270,49,51,normal
22,35,232,49,68,normal
22,51,280,49,38,normal
22,51,25,49,45,normal
22,51,154,49,57,normal
22,2,251,49,35,normal
22,2,154,49,43,normal
22,2,304,49,45,normal
22,2,154,49,62,normal
22,2,155,53,65,normal
22,2,232,49,71,normal
22,2,276,49,90,normal
22,2,155,53,90,penal
22,17,257,53,90,normal
22,17,159,53,90,normal
22,25,272,25,81,normal
22,53,290,58,43,normal
22,53,109,27,55,normal
22,60,167,61,42,normal
22,24,5,7,64,normal
22,24,269,7,87,normal
16,420,360,12,78,normal
16,420,181,64,83,normal
16,420,177,64,89,penal
16,435,351,56,18,normal
19,205,500,36,50,normal
19,205,182,65,90,normal
19,221,183,65,7,normal
19,221,526,56,29,penal
21,78,411,14,47,normal
21,78,80,14,69,normal
21,78,80,14,75,normal
21,95,372,49,8,normal
21,95,25,49,22,penal
21,95,407,49,36,normal
21,95,372,49,40,normal
21,95,25,49,45,penal
21,95,25,49,62,normal
21,95,192,67,78,normal
21,111,5694,67,33,autogol
21,111,380,86,51,normal
21,111,221,86,66,normal
19,253,129,38,83,normal
22,56,201,71,17,normal
22,56,32,71,33,normal
22,56,201,71,51,normal
22,56,277,71,55,normal
22,56,246,82,58,normal
22,56,201,71,67,normal
22,56,241,71,90,normal
19,194,214,80,55,normal
19,194,174,62,79,normal
19,227,532,80,20,normal
19,227,211,80,37,normal
19,227,539,40,70,normal
22,31,254,12,83,normal
22,47,216,82,20,normal
22,47,242,78,26,normal
22,47,309,78,35,normal
22,47,237,82,44,normal
22,47,271,82,48,normal
22,38,221,86,58,normal
22,32,238,71,54,normal
22,32,238,71,90,normal
22,3,231,66,84,normal
22,3,285,66,90,normal
22,4,310,39,36,normal
22,4,249,41,82,penal
22,8,275,8,9,normal
22,8,302,40,27,normal
22,8,14,40,32,normal
22,8,6,40,68,normal
22,8,14,40,71,normal
22,11,295,38,11,normal
22,11,248,38,21,normal
22,11,243,38,31,penal
22,11,243,38,54,normal
22,11,273,38,74,normal
22,11,303,38,90,normal
22,11,36,38,90,normal
22,13,237,82,48,normal
22,16,233,12,62,normal
22,16,233,12,73,normal
22,23,6,40,61,normal
22,23,259,30,68,normal
22,23,6,40,86,normal
22,29,255,16,29,normal
22,29,299,78,45,normal
22,29,293,78,45,normal
22,29,242,78,53,normal
22,29,234,16,63,normal
22,29,258,16,66,normal
22,40,289,7,46,normal
22,40,230,7,67,normal
22,52,14,40,44,normal
22,52,6,40,74,normal
22,52,6,40,90,normal
22,52,10,70,90,penal
1,965,1455,89,12,normal
1,965,1452,7,20,normal
1,965,66,7,37,normal
1,965,228,89,57,normal
1,965,1456,89,68,normal
1,965,1454,89,89,normal
2,947,1419,19,76,normal
2,947,1413,56,81,normal
2,947,314,56,95,normal
3,930,1373,56,6,normal
3,930,1402,46,8,normal
3,930,316,56,16,normal
3,930,1373,56,35,normal
3,930,317,46,70,normal
3,930,316,56,82,normal
5,890,1291,46,6,normal
5,890,1295,46,8,normal
5,890,323,2,10,normal
5,890,52,2,18,normal
5,890,52,2,84,normal
6,864,1253,81,4,normal
6,864,88,12,9,normal
6,864,88,12,32,normal
6,864,7,12,55,normal
6,864,1232,12,68,normal
6,864,1240,81,80,normal
6,864,7,12,90,normal
7,829,1218,19,15,normal
7,829,1193,12,17,normal
7,829,1233,12,69,normal
7,829,88,12,78,normal
8,797,329,2,12,normal
8,797,151,49,18,normal
8,797,1148,49,78,normal
8,797,1185,2,89,normal
8,797,151,49,101,normal
8,797,151,49,120,normal
9,765,7,12,18,normal
9,765,1113,56,37,normal
9,765,1134,12,66,normal
9,765,87,12,71,normal
9,765,1123,12,86,normal
10,733,335,66,2,penal
10,733,983,2,25,penal
10,733,3,2,43,normal
11,695,34,7,38,normal
11,695,1059,66,82,normal
11,695,34,7,105,normal
11,695,960,7,116,normal
12,657,337,56,57,normal
12,657,973,56,69,normal
12,657,362,56,81,normal
12,657,983,2,83,normal
13,605,913,7,23,normal
13,605,899,7,55,normal
13,605,338,2,74,normal
13,605,357,2,80,normal
13,605,849,7,83,normal
14,553,839,2,85,penal
16,449,35,40,27,normal
16,449,35,40,45,normal
16,449,715,40,90,normal
17,385,2,12,67,normal
17,385,2,12,79,normal
18,321,35,40,7,penal
18,321,567,56,19,normal
19,257,504,38,116,normal
20,193,441,1,113,normal
21,129,111,40,18,autogol
21,129,109,27,28,normal
21,129,41,40,38,penal
21,129,418,40,59,normal
21,129,6,40,65,normal
21,129,111,27,69,normal
17,325,1,1,20,normal
17,325,1,1,25,normal
17,325,630,1,40,normal
17,325,661,1,45,normal
17,325,1,1,70,normal
17,325,667,1,73,normal
17,325,645,1,84,normal
17,325,684,1,90,normal
17,338,1,1,19,normal
17,338,633,51,90,normal
17,356,646,1,50,normal
17,356,1,1,79,normal
17,370,608,1,88,normal
17,379,630,1,39,normal
17,382,630,1,75,normal
18,258,558,1,6,normal
18,258,572,25,12,normal
18,258,1,1,17,normal
18,258,1,1,61,normal
18,258,572,25,73,normal
18,258,588,1,87,normal
18,274,608,1,90,normal
18,290,1,1,4,normal
18,290,1,1,44,normal
18,290,353,1,57,normal
18,306,353,1,4,normal
18,306,353,1,12,normal
18,314,577,7,49,normal
18,314,1,1,80,normal
18,318,592,56,119,normal
18,318,585,56,121,normal
18,320,560,1,56,normal
18,320,6569,1,60,autogol
18,320,560,1,78,normal
18,320,609,71,88,normal
19,200,353,1,8,normal
19,200,1,1,26,normal
19,200,19,1,68,normal
19,200,515,1,70,normal
19,214,529,78,38,normal
19,232,482,1,60,normal
19,244,1,1,20,normal
19,244,353,1,32,normal
19,244,554,49,37,normal
19,244,19,1,67,normal
19,244,19,1,70,normal
19,252,19,1,3,normal
19,252,1,1,68,normal
19,252,522,1,74,normal
19,252,1,1,89,normal
19,255,547,38,73,normal
19,256,19,1,19,normal
19,256,46,89,28,normal
19,256,51,89,51,normal
19,256,527,1,56,normal
19,256,470,1,82,normal
20,142,19,1,12,penal
20,142,442,1,32,normal
20,142,19,1,45,normal
20,142,19,1,78,normal
20,158,441,1,51,normal
20,158,144,42,54,normal
20,158,143,42,63,normal
20,158,1,1,71,normal
20,174,19,1,55,normal
20,187,442,1,13,normal
20,190,19,1,11,normal
20,190,1,1,23,normal
20,190,405,1,24,normal
20,190,405,1,26,normal
20,190,470,1,29,normal
20,190,439,1,69,normal
20,190,439,1,79,normal
20,190,443,12,90,normal
15,458,350,12,26,normal
15,458,823,12,52,penal
15,468,350,12,39,normal
15,468,817,12,66,normal
15,468,360,12,73,normal
15,481,348,81,23,normal
15,481,350,12,46,normal
15,491,360,12,72,normal
15,495,350,12,53,normal
15,495,360,12,63,normal
15,495,187,66,64,normal
15,495,833,66,76,normal
15,495,803,12,81,normal
15,499,350,12,80,normal
16,403,2,12,9,normal
16,403,89,12,45,normal
16,403,360,12,50,normal
16,434,706,12,11,normal
16,434,706,12,27,normal
16,434,2,12,45,penal
16,434,705,20,68,normal
16,434,2,12,70,normal
16,443,741,30,2,normal
16,443,360,12,11,normal
16,443,89,12,27,normal
16,443,711,30,50,normal
16,443,89,12,60,normal
16,446,2,12,46,normal
16,446,709,66,87,normal
17,331,637,85,45,normal
17,331,2,12,50,normal
17,331,89,12,87,penal
17,347,680,12,15,normal
17,347,89,12,32,normal
17,347,16,12,45,penal
17,347,2,12,55,normal
17,362,2,12,10,normal
17,362,2,12,13,normal
17,362,654,12,38,normal
17,362,572,25,39,normal
17,362,591,25,56,normal
17,362,89,12,62,normal
17,362,662,12,64,normal
17,375,89,12,67,normal
17,375,2,12,87,normal
17,378,153,49,23,normal
17,378,89,12,45,normal
17,378,16,12,50,normal
17,383,2,12,49,normal
18,269,598,12,44,normal
18,284,562,12,49,normal
18,284,462,12,90,normal
18,300,617,58,34,normal
18,300,2,12,45,normal
18,300,597,12,53,normal
18,300,590,12,59,normal
18,300,2,12,81,normal
18,312,2,12,5,normal
18,312,562,12,45,normal
18,312,621,12,84,normal
18,317,141,40,57,normal
9,739,1138,61,21,normal
9,739,53,2,56,normal
9,739,3,2,80,normal
9,748,1146,13,12,normal
9,748,1141,2,20,normal
9,748,3,2,27,normal
9,748,3,2,52,penal
9,748,53,2,70,normal
9,748,3,2,88,normal
9,748,1140,13,89,normal
9,752,3,2,19,normal
9,752,3,2,26,normal
9,752,3,2,39,normal
9,752,333,69,44,normal
9,758,1144,49,31,normal
9,758,1148,49,49,normal
9,758,330,2,68,normal
9,758,53,2,76,normal
9,758,3,2,108,normal
9,763,1113,56,8,normal
9,763,1149,2,90,normal
9,763,3,2,94,normal
9,763,1122,56,98,normal
9,763,1112,56,104,normal
9,763,3,2,110,normal
9,763,1105,56,111,normal
9,764,1079,2,26,normal
10,697,983,2,18,normal
10,705,1079,2,12,normal
10,705,1092,2,34,normal
10,705,3,2,53,normal
10,713,1106,3,77,normal
10,721,983,2,39,normal
10,721,3,2,82,normal
10,727,1075,81,24,normal
10,727,1079,2,51,normal
10,727,1089,2,52,normal
10,727,1080,81,53,normal
10,727,1096,2,76,normal
10,727,1098,2,89,penal
10,730,3,2,76,normal
6,833,194,68,20,normal
6,833,4,40,24,normal
6,833,4,40,30,normal
6,833,194,68,44,penal
6,833,197,68,50,normal
6,833,1244,40,52,normal
6,833,1255,40,61,normal
6,833,4,40,67,normal
6,833,1243,40,70,normal
6,833,1285,40,83,normal
6,838,4,40,4,normal
6,838,1254,91,16,normal
6,838,1245,91,63,normal
6,838,4,40,85,normal
6,838,1245,91,88,normal
6,857,1255,40,22,normal
6,857,4,40,55,normal
6,857,4,40,63,normal
6,857,1244,40,68,normal
6,862,88,12,2,normal
6,862,4,40,9,normal
6,862,1265,12,39,normal
6,862,7,12,52,normal
6,862,7,12,64,normal
6,862,7,12,75,normal
6,862,1244,40,83,normal
6,863,4,40,16,normal
6,863,1262,2,18,normal
6,863,1243,40,27,penal
6,863,4,40,36,normal
6,863,1266,40,50,normal
6,863,52,2,52,normal
6,863,4,40,78,normal
6,863,358,2,84,normal
6,863,4,40,89,normal
18,262,352,7,24,normal
18,262,614,7,38,normal
18,262,105,26,82,normal
18,278,354,7,6,normal
18,278,581,7,31,normal
18,278,354,7,41,normal
18,278,352,7,78,normal
18,278,49,7,84,normal
18,278,5,7,88,normal
18,307,174,62,6,normal
18,307,352,7,10,normal
18,307,354,7,98,normal
19,196,525,7,6,normal
19,213,544,7,17,autogol
19,213,67,7,33,normal
19,213,100,24,45,normal
19,213,67,7,76,normal
19,213,67,7,80,normal
19,229,518,7,77,normal
19,229,542,7,89,normal
19,245,49,7,26,normal
19,245,67,7,33,normal
19,245,49,7,52,normal
19,245,45,62,71,normal
20,140,4902,7,3,autogol
20,140,5,7,65,normal
20,140,467,11,84,normal
20,156,5,7,90,normal
20,172,5,7,3,normal
20,172,370,63,4,normal
20,172,5,7,45,normal
20,172,370,63,47,normal
20,172,425,7,50,normal
20,184,33,7,118,normal
20,189,67,7,8,normal
21,72,31,7,19,normal
21,72,393,54,23,normal
21,88,421,27,53,normal
21,88,11,27,80,normal
21,88,420,27,90,normal
21,104,5,7,14,normal
21,104,413,63,51,penal
21,104,425,7,86,normal
21,115,41,40,13,penal
21,115,33,7,41,normal
21,115,410,7,48,normal
21,115,417,40,57,normal
21,115,6,40,64,normal
21,115,6,40,68,normal
21,115,31,7,90,normal
21,70,41,40,58,penal
21,70,69,8,62,penal
21,70,2153,40,81,autogol
21,86,6,40,34,normal
21,122,430,40,40,normal
21,122,41,40,61,normal
21,126,429,40,51,normal
6,832,1248,12,38,normal
6,832,1278,12,49,normal
6,832,1248,12,89,normal
6,850,88,12,3,normal
6,850,88,12,77,normal
6,859,7,12,66,normal
7,799,1232,12,56,normal
7,799,7,12,73,normal
7,817,1204,38,35,normal
7,817,1193,12,72,normal
7,817,1193,12,86,normal
7,822,325,12,31,normal
7,822,1213,49,38,normal
7,822,88,12,53,normal
7,822,325,12,59,normal
7,827,325,12,9,normal
7,827,325,12,32,normal
7,827,1202,20,42,normal
7,827,88,12,47,normal
7,827,328,20,61,penal
7,827,88,12,78,normal
8,769,7,12,15,normal
8,769,325,12,63,normal
8,775,331,46,2,normal
8,775,1118,12,14,normal
8,775,1171,46,64,normal
8,775,1161,46,73,penal
8,782,1184,71,15,normal
8,782,24,71,27,normal
8,782,1181,12,73,normal
8,782,24,71,85,normal
9,741,1117,19,11,normal
9,741,361,12,24,normal
9,741,7,12,59,normal
9,741,87,12,61,normal
9,741,87,12,83,normal
9,749,87,12,59,normal
9,753,7,12,19,normal
9,753,87,12,22,normal
9,753,1114,75,34,normal
9,753,7,12,67,normal
9,753,1129,75,84,normal
9,761,361,12,11,normal
9,761,1118,12,15,normal
9,761,1115,69,28,normal
9,761,1118,12,52,normal
9,761,333,69,70,normal
9,761,87,12,75,normal
9,762,1128,89,19,normal
9,762,1127,12,44,normal
9,762,87,12,76,normal
9,762,361,12,89,normal
14,508,26,2,28,normal
14,508,8,2,39,normal
14,508,843,91,55,normal
14,508,26,2,64,normal
14,508,357,2,70,normal
14,519,357,2,35,normal
14,519,8,2,37,normal
14,519,867,34,46,normal
14,519,26,2,47,normal
14,519,847,2,58,normal
14,519,357,2,75,normal
14,528,872,2,88,normal
14,528,881,22,90,normal
14,541,8,2,51,normal
14,541,839,2,82,normal
14,541,869,66,89,penal
14,548,26,2,25,penal
14,551,839,2,60,normal
14,551,150,49,80,normal
15,450,8,1,61,normal
15,461,793,38,14,normal
15,461,8,1,48,normal
15,477,8,1,12,normal
15,477,824,1,20,normal
15,477,8,1,37,normal
15,477,660,24,52,normal
15,477,700,24,63,normal
15,486,357,1,6,normal
15,486,811,14,8,normal
15,486,8,1,11,normal
15,486,357,1,40,normal
15,486,786,14,90,normal
15,496,26,1,47,penal
15,496,347,13,75,normal
15,496,796,13,78,normal
16,399,750,1,10,normal
16,399,8,1,67,normal
16,414,749,73,13,normal
16,414,768,73,52,normal
16,414,748,1,72,autogol
16,414,645,1,78,normal
16,428,645,1,50,normal
16,428,8,1,57,normal
16,438,173,62,47,normal
16,438,8,1,75,normal
16,438,645,1,86,normal
16,444,740,27,45,normal
16,444,772,27,80,normal
16,444,110,27,85,normal
21,66,395,76,12,normal
21,66,356,76,43,normal
21,66,368,76,71,normal
21,66,356,76,90,normal
21,66,397,76,90,normal
21,68,9,71,4,penal
21,68,367,38,24,normal
21,68,9,71,44,normal
21,68,367,38,55,normal
21,68,414,38,58,normal
21,68,9,71,88,normal
21,69,2390,53,90,autogol
21,71,435,30,59,normal
21,73,3501,27,32,autogol
21,73,11,27,71,penal
21,74,371,12,20,normal
21,74,436,82,50,normal
21,75,404,78,56,normal
21,76,408,62,35,normal
21,77,369,81,65,penal
21,79,25,49,11,normal
21,79,225,86,35,penal
21,79,25,49,90,normal
21,80,2852,77,37,autogol
21,80,206,77,60,normal
21,80,406,70,86,normal
21,81,403,58,6,penal
21,81,94,22,39,normal
21,81,415,58,73,normal
21,83,27,89,23,normal
21,84,9,71,4,normal
21,85,367,38,54,normal
21,87,389,30,7,normal
21,87,69,8,38,penal
21,89,370,63,49,normal
21,89,370,63,75,normal
21,90,371,12,90,normal
21,90,15,12,90,normal
21,91,242,78,5,normal
21,91,434,82,52,normal
21,91,216,82,90,normal
21,92,427,81,32,normal
21,92,423,1,48,normal
21,92,405,1,90,normal
21,93,48,62,26,penal
21,93,45,62,66,normal
21,93,99,24,90,normal
21,94,84,14,6,penal
21,94,80,14,16,normal
21,94,382,86,18,normal
21,94,80,14,45,normal
21,94,84,14,51,normal
21,94,250,14,90,normal
21,94,221,86,90,normal
21,97,205,77,11,normal
21,97,164,58,34,normal
21,97,208,77,71,normal
21,97,161,58,78,normal
21,98,27,89,10,normal
21,98,356,89,23,autogol
21,98,46,89,90,normal
21,100,419,71,45,normal
21,100,375,53,90,penal
21,101,381,61,14,normal
21,101,400,38,19,normal
21,101,167,61,81,normal
21,101,376,38,90,normal
21,103,383,69,18,normal
21,103,398,69,50,normal
21,105,378,27,53,normal
21,105,426,54,76,penal
21,105,109,27,90,normal
21,106,416,12,36,normal
21,106,40,12,68,normal
21,107,388,82,31,normal
21,107,433,25,56,normal
21,107,387,82,88,normal
21,107,7464,25,90,autogol
21,108,284,24,90,normal
21,108,99,24,90,normal
21,109,377,81,50,normal
21,109,369,81,62,penal
21,109,1770,81,74,autogol
21,110,401,14,51,normal
21,112,379,70,59,normal
21,114,46,89,7,normal
21,114,32,71,55,normal
21,114,46,89,62,normal
21,116,4366,38,12,autogol
21,116,368,76,41,penal
21,117,402,30,1,normal
21,117,111,27,4,normal
21,118,15,12,51,normal
21,118,424,12,88,normal
21,119,399,58,48,normal
21,119,164,58,52,normal
21,119,431,14,69,normal
21,119,391,14,74,normal
21,119,384,14,90,normal
21,120,394,81,66,normal
21,123,461,14,13,autogol
21,123,386,14,31,normal
21,123,422,12,76,normal
21,124,356,76,31,normal
21,124,112,27,39,normal
21,124,432,27,101,normal
21,124,392,76,115,normal
21,125,409,49,30,normal
21,125,374,49,59,normal
21,127,428,49,5,normal
21,127,109,27,68,normal
21,127,111,27,109,normal
21,128,412,14,4,normal
21,128,84,14,82,normal
20,130,438,27,11,autogol
20,130,15,12,29,normal
20,130,15,12,71,penal
20,130,443,12,90,normal
20,131,484,62,61,normal
20,132,446,38,27,penal
20,132,191,66,44,normal
20,132,189,66,53,normal
20,132,455,66,65,normal
20,132,191,66,72,normal
20,132,189,66,80,normal
20,133,445,20,12,normal
20,133,494,20,14,normal
20,133,68,8,35,normal
20,133,450,20,90,normal
20,134,448,22,5,normal
20,134,465,22,58,normal
20,134,22,22,90,normal
20,136,46,89,24,penal
20,136,453,25,54,normal
20,136,457,25,57,normal
20,136,492,25,84,normal
20,137,474,56,35,normal
20,137,491,49,37,normal
20,137,449,56,50,normal
20,138,21,31,22,normal
20,138,478,82,48,normal
20,138,489,82,90,normal
20,139,17,40,45,penal
20,139,7941,40,48,autogol
20,139,17,40,72,normal
20,143,136,39,1,normal
20,143,144,42,82,normal
20,143,452,39,86,normal
20,144,459,6,25,penal
20,144,391,14,70,normal
20,144,411,14,80,normal
20,145,473,24,68,normal
20,145,469,76,74,normal
20,147,113,27,11,normal
20,147,109,27,48,normal
20,147,111,27,61,normal
20,147,111,27,73,normal
20,148,496,20,20,normal
20,148,447,20,43,normal
20,149,189,66,20,normal
20,149,68,8,21,normal
20,149,69,8,54,penal
20,149,191,66,58,normal
20,149,262,66,68,normal
20,152,27,89,39,normal
20,152,486,49,75,normal
20,152,27,89,85,normal
20,153,444,25,44,normal
20,154,14,40,17,normal
20,154,477,40,18,normal
20,154,493,40,40,normal
20,154,17,40,67,normal
20,154,490,40,73,normal
20,154,388,82,81,normal
20,154,434,82,87,normal
20,155,454,45,31,normal
20,155,21,31,34,normal
20,155,21,31,65,normal
20,157,480,63,29,normal
20,159,479,71,5,normal
20,159,468,39,64,normal
20,159,136,39,81,normal
20,159,495,71,90,normal
20,160,481,14,88,normal
20,162,15,12,17,normal
20,162,476,16,26,normal
20,162,15,12,34,normal
20,162,462,12,49,normal
20,162,461,12,84,normal
20,163,174,62,72,normal
20,163,464,62,75,normal
20,163,45,62,82,normal
20,163,109,27,87,normal
20,164,129,38,36,normal
20,164,355,38,69,normal
20,164,475,38,82,normal
20,165,460,66,77,normal
20,165,262,66,90,normal
20,166,385,22,17,penal
20,166,165,58,45,normal
20,166,93,22,55,normal
20,166,93,22,82,normal
20,166,22,22,90,normal
20,168,42,89,81,normal
20,170,216,82,6,normal
20,170,216,82,31,normal
20,170,216,82,71,normal
20,173,458,11,23,normal
20,173,485,11,59,normal
20,173,156,53,82,normal
20,173,497,11,83,normal
20,175,2408,71,31,autogol
20,175,143,42,57,normal
20,175,9,71,80,normal
20,176,431,14,78,normal
20,178,440,12,18,normal
20,178,445,20,32,normal
20,179,22,22,28,normal
20,179,22,22,50,normal
20,180,456,62,48,normal
20,180,190,66,88,normal
20,180,466,66,90,penal
20,181,444,25,52,normal
20,181,483,43,90,normal
20,182,418,40,79,normal
20,182,8336,40,90,autogol
20,185,386,14,93,normal
20,185,80,14,105,normal
20,185,463,39,107,normal
20,186,40,12,7,normal
20,186,440,12,69,normal
20,186,22,22,80,penal
20,192,191,66,3,penal
20,192,252,66,17,normal
20,192,498,66,90,normal
19,197,101,24,7,normal
19,197,98,24,52,normal
19,198,523,49,4,normal
19,198,136,39,40,normal
19,199,534,37,79,normal
19,201,143,42,85,penal
19,202,1582,66,46,autogol
19,202,535,66,85,normal
19,203,161,58,39,normal
19,204,509,68,39,normal
19,204,516,56,63,normal
19,207,538,12,55,normal
19,207,502,12,72,normal
19,207,528,23,89,normal
19,208,450,20,34,normal
19,209,521,82,52,normal
19,211,45,62,64,normal
19,211,44,62,79,penal
19,212,507,63,16,normal
19,212,551,43,44,normal
19,212,553,43,71,normal
19,215,512,37,13,normal
19,215,537,37,42,normal
19,215,135,39,48,normal
19,215,514,39,82,normal
19,217,70,8,11,normal
19,217,143,42,25,penal
19,218,190,66,53,normal
19,219,503,16,10,normal
19,219,511,30,33,normal
19,219,550,30,61,normal
19,220,556,68,27,normal
19,220,549,68,86,normal
19,222,501,12,25,normal
19,222,501,12,50,normal
19,222,502,12,62,normal
19,222,105,26,79,normal
19,223,540,71,29,normal
19,223,552,71,53,normal
19,223,510,71,56,normal
19,223,506,71,60,normal
19,223,536,71,81,normal
19,223,9,71,87,normal
19,223,506,71,89,normal
19,224,524,20,75,normal
19,225,129,38,17,normal
19,225,129,38,51,normal
19,226,27,89,43,normal
19,228,507,63,12,normal
19,228,101,24,38,normal
19,228,544,24,49,normal
19,228,508,63,69,penal
19,230,517,49,23,normal
19,231,135,39,90,normal
19,233,68,8,69,normal
19,233,70,8,73,normal
19,233,543,78,84,normal
19,234,500,36,25,normal
19,234,500,36,73,normal
19,234,519,56,81,normal
19,234,533,36,89,normal
19,234,548,56,90,normal
19,236,161,58,17,normal
19,236,520,58,30,normal
19,236,365,30,81,normal
19,236,165,58,87,normal
19,237,191,66,36,normal
19,237,503,16,65,penal
19,237,466,66,83,normal
19,239,108,26,14,normal
19,239,107,26,20,normal
19,239,531,26,82,normal
19,240,129,38,24,normal
19,240,504,38,37,normal
19,240,541,20,47,normal
19,242,27,89,8,normal
19,242,100,24,68,normal
19,242,27,89,80,normal
19,243,513,42,5,normal
19,243,135,39,62,normal
19,243,143,42,93,normal
19,246,189,66,18,normal
19,246,190,66,84,normal
19,246,500,36,90,penal
19,247,530,12,35,normal
19,247,501,12,38,normal
19,247,505,12,59,normal
19,249,129,38,63,normal
19,250,505,12,10,normal
19,250,190,66,53,normal
19,250,190,66,68,normal
19,251,146,42,45,normal
19,251,51,89,55,normal
19,254,555,66,18,normal
19,254,51,89,41,normal
19,254,190,66,70,normal
19,254,189,66,73,normal
19,254,546,89,90,normal
18,259,116,31,24,normal
18,259,115,31,80,normal
18,260,779,49,3,autogol
18,263,189,66,18,normal
18,264,564,62,28,normal
18,264,157,53,36,normal
18,264,564,62,76,normal
18,264,623,62,79,normal
18,265,199,71,4,normal
18,266,610,56,40,normal
18,266,526,56,83,normal
18,267,601,74,5,normal
18,267,568,74,36,normal
18,267,568,74,76,normal
18,268,607,58,26,normal
18,268,68,8,84,normal
18,268,68,8,89,normal
18,268,575,8,90,normal
18,271,606,83,31,normal
18,271,604,24,54,normal
18,271,97,24,72,normal
18,272,446,38,13,normal
18,272,129,38,17,normal
18,272,129,38,48,penal
18,272,355,38,81,normal
18,273,222,86,23,normal
18,273,573,5,57,normal
18,273,54,5,84,normal
18,273,595,86,90,normal
18,275,116,31,8,normal
18,275,115,31,54,normal
18,275,118,31,90,normal
18,276,583,49,83,normal
18,276,523,49,90,normal
18,277,605,81,89,normal
18,279,191,66,23,normal
18,279,619,66,27,normal
18,279,602,26,38,normal
18,281,584,71,63,normal
18,281,9,71,80,penal
18,282,589,56,22,normal
18,282,8362,39,27,autogol
18,283,143,42,2,normal
18,283,146,42,82,normal
18,286,141,40,9,normal
18,286,98,24,81,normal
18,287,565,82,16,normal
18,287,579,82,88,normal
18,288,224,86,8,normal
18,288,133,38,71,normal
18,288,355,38,76,normal
18,288,355,38,90,penal
18,289,613,88,4,normal
18,289,611,88,36,normal
18,289,569,88,46,normal
18,289,599,88,84,normal
18,291,591,25,25,normal
18,291,563,70,33,normal
18,291,563,70,66,normal
18,292,582,49,34,normal
18,292,574,81,51,normal
18,292,523,49,85,normal
18,292,363,81,90,normal
18,293,7168,68,25,autogol
18,293,193,68,86,normal
18,295,622,79,10,normal
18,295,593,79,20,normal
18,295,104,26,37,penal
18,295,104,26,67,normal
18,295,600,26,86,penal
18,296,566,71,6,normal
18,296,552,71,24,penal
18,296,587,62,29,normal
18,297,586,4,60,normal
18,297,578,53,75,normal
18,298,567,56,26,normal
18,298,594,56,87,normal
18,299,147,42,22,normal
18,299,136,39,43,normal
18,299,576,42,45,penal
18,301,616,27,2,normal
18,301,73,8,38,penal
18,301,603,27,56,normal
18,301,71,8,79,normal
18,302,571,40,55,normal
18,302,141,40,61,normal
18,303,615,82,23,normal
18,303,565,82,77,normal
18,304,596,38,36,normal
18,305,569,88,70,penal
18,308,580,49,60,normal
18,309,566,71,23,normal
18,310,618,56,90,penal
18,313,129,38,28,penal
18,313,612,40,41,normal
18,313,571,40,83,normal
18,313,35,40,90,normal
18,315,620,56,6,normal
18,315,570,56,59,normal
18,315,570,56,69,normal
18,319,35,40,33,penal
17,322,203,77,30,normal
17,323,669,16,39,normal
17,323,659,51,52,normal
17,324,365,30,45,normal
17,324,681,89,47,normal
17,324,365,30,83,normal
17,326,649,49,24,normal
17,326,640,81,59,normal
17,327,683,68,39,normal
17,327,641,68,55,normal
17,327,671,80,63,normal
17,327,657,80,90,penal
17,328,18,7,63,normal
17,329,133,38,44,normal
17,329,694,38,74,normal
17,329,651,37,82,normal
17,329,131,38,87,penal
17,330,44,62,60,penal
17,332,351,56,7,normal
17,332,351,56,27,normal
17,333,591,25,61,normal
17,333,697,25,65,normal
17,334,81,14,57,normal
17,334,689,58,59,normal
17,334,163,58,67,normal
17,334,695,14,75,normal
17,335,660,24,26,normal
17,335,102,24,53,normal
17,336,692,76,59,normal
17,336,663,76,64,penal
17,337,675,39,4,normal
17,337,4605,39,29,autogol
17,337,138,39,36,normal
17,337,644,71,39,normal
17,337,1583,71,71,autogol
17,340,503,16,66,normal
17,341,365,30,16,penal
17,341,652,77,52,normal
17,342,639,63,27,normal
17,342,363,81,35,normal
17,342,363,81,63,penal
17,343,547,68,10,autogol
17,343,132,38,53,normal
17,343,132,38,69,normal
17,343,131,38,83,penal
17,344,580,49,44,penal
17,345,212,80,4,normal
17,346,351,56,55,normal
17,346,113,27,73,normal
17,346,678,27,76,normal
17,348,115,31,5,normal
17,348,635,62,28,normal
17,348,693,62,57,normal
17,349,642,85,56,normal
17,349,677,25,86,normal
17,350,163,58,51,normal
17,351,668,39,24,normal
17,351,97,24,78,normal
17,352,81,14,13,normal
17,352,647,86,17,normal
17,353,199,71,14,normal
17,353,199,71,65,normal
17,353,199,71,77,normal
17,353,682,71,88,normal
17,354,550,30,22,normal
17,354,365,30,67,normal
17,355,655,77,20,penal
17,355,203,77,26,normal
17,355,203,77,38,normal
17,355,672,89,46,normal
17,355,51,89,69,normal
17,355,679,89,88,penal
17,357,633,51,7,normal
17,357,648,51,61,normal
17,357,653,51,87,normal
17,358,690,81,59,normal
17,358,352,7,88,normal
17,360,133,38,4,normal
17,360,210,80,31,normal
17,360,670,38,45,normal
17,360,213,80,53,normal
17,360,133,38,56,normal
17,361,638,37,45,normal
17,361,193,68,65,normal
17,361,650,68,73,normal
17,361,193,68,84,normal
17,363,637,85,6,normal
17,363,664,85,9,normal
17,363,636,85,85,normal
17,364,635,62,34,normal
17,364,585,56,85,normal
17,365,119,31,48,normal
17,366,673,58,48,normal
17,366,674,58,75,normal
17,367,696,14,7,normal
17,367,643,76,52,normal
17,367,686,14,78,normal
17,367,81,14,82,normal
17,367,691,76,88,normal
17,368,98,24,70,normal
17,369,676,70,3,normal
17,369,665,70,5,normal
17,369,698,70,66,normal
17,369,135,39,83,normal
17,371,656,49,5,normal
17,371,153,49,22,normal
17,371,658,49,44,normal
17,372,363,81,11,normal
17,372,204,77,37,normal
17,372,204,77,14,normal
17,373,132,38,8,normal
17,373,633,51,90,penal
17,374,138,39,8,normal
17,374,135,39,65,normal
17,376,636,85,12,normal
17,377,351,56,18,normal
17,377,685,24,88,normal
17,377,97,24,117,normal
17,381,634,85,4,normal
17,384,688,85,1,normal
17,384,666,24,9,normal
17,384,634,85,13,normal
17,384,634,85,32,normal
17,384,687,24,90,normal
16,387,732,61,37,normal
16,387,2797,64,45,autogol
16,387,169,61,60,normal
16,387,179,64,61,normal
16,389,351,56,11,normal
16,389,705,20,45,normal
16,389,705,20,48,normal
16,389,349,56,84,penal
16,390,763,30,69,normal
16,391,730,40,36,normal
16,391,4420,40,77,autogol
16,391,141,40,90,normal
16,394,735,24,27,normal
16,394,714,62,50,normal
16,394,173,62,75,normal
16,394,173,62,84,normal
16,395,131,38,21,normal
16,395,718,63,24,normal
16,395,133,38,47,normal
16,395,8438,63,73,autogol
16,395,756,63,78,normal
16,396,767,27,27,normal
16,396,731,57,45,normal
16,396,114,27,53,normal
16,396,110,27,69,normal
16,397,748,73,73,normal
16,398,18,7,28,normal
16,400,739,75,45,normal
16,401,716,49,42,normal
16,401,765,49,89,normal
16,405,728,56,7,normal
16,405,351,56,75,normal
16,405,351,56,89,normal
16,406,141,40,37,normal
16,406,769,40,68,normal
16,406,141,40,78,normal
16,406,745,40,85,normal
16,407,753,30,12,normal
16,407,210,80,51,normal
16,408,738,63,28,normal
16,410,707,66,37,normal
16,410,758,66,41,normal
16,410,187,66,71,normal
16,410,770,66,78,normal
16,410,708,66,83,normal
16,411,81,14,42,normal
16,411,81,14,47,normal
16,411,734,62,55,penal
16,411,44,62,62,normal
16,412,110,27,77,normal
16,413,713,7,31,normal
16,413,713,7,55,normal
16,413,18,7,73,normal
16,413,18,7,78,normal
16,413,18,7,83,penal
16,415,733,53,41,normal
16,415,158,53,83,normal
16,415,138,39,87,normal
16,416,762,22,82,normal
16,417,712,75,46,normal
16,417,153,49,81,normal
16,417,759,75,90,normal
16,421,766,20,20,normal
16,421,669,16,56,normal
16,422,131,38,6,penal
16,422,747,38,18,normal
16,422,132,38,55,normal
16,422,743,13,58,normal
16,422,132,38,81,normal
16,422,2012,38,88,autogol
16,422,742,38,90,normal
16,423,729,40,12,penal
16,423,744,30,42,penal
16,423,715,40,56,normal
16,424,720,68,1,normal
16,424,757,63,11,normal
16,424,722,68,58,normal
16,424,725,68,86,normal
16,425,209,80,18,normal
16,425,54,5,45,penal
16,425,58,5,74,penal
16,425,209,80,90,penal
16,426,754,14,7,normal
16,426,102,24,72,normal
16,427,707,66,4,normal
16,427,708,66,18,normal
16,427,714,62,75,normal
16,427,173,62,90,normal
16,429,710,73,3,normal
16,430,226,86,12,penal
16,430,712,75,71,normal
16,431,719,49,20,normal
16,431,580,49,29,normal
16,432,717,57,39,normal
16,432,717,57,54,normal
16,432,752,58,74,normal
16,433,760,7,36,normal
16,436,751,30,3,normal
16,436,711,30,12,normal
16,436,764,30,60,normal
16,436,736,30,76,normal
16,436,721,63,78,normal
16,437,723,40,113,normal
16,439,187,66,38,normal
16,439,710,73,48,normal
16,439,727,66,90,normal
16,440,18,7,6,penal
16,440,716,49,10,penal
16,440,153,49,16,normal
16,440,773,7,45,normal
16,441,110,27,45,penal
16,445,709,66,12,normal
16,445,746,7,17,normal
16,445,187,66,89,normal
16,447,110,27,46,normal
16,447,629,40,47,normal
16,447,629,40,69,normal
16,448,114,27,13,normal
16,448,774,66,21,normal
16,448,110,27,35,normal
15,451,814,38,51,normal
15,451,793,38,55,normal
15,451,700,24,85,normal
15,451,827,24,90,normal
15,452,804,82,39,normal
15,452,140,39,44,normal
15,453,813,51,11,normal
15,454,782,75,15,normal
15,454,785,75,34,normal
15,454,96,22,43,normal
15,454,782,75,89,normal
15,455,807,14,11,normal
15,456,177,64,84,normal
15,457,815,81,8,normal
15,457,808,16,31,normal
15,457,821,16,47,normal
15,457,781,81,75,normal
15,459,56,5,18,normal
15,459,794,66,50,normal
15,459,832,66,86,normal
15,460,18,7,2,normal
15,460,18,7,44,normal
15,460,12,7,60,normal
15,460,18,7,90,penal
15,462,834,63,21,normal
15,462,787,63,43,normal
15,462,788,63,55,normal
15,463,831,82,16,normal
15,463,785,75,35,normal
15,463,806,82,52,normal
15,463,795,82,65,normal
15,463,795,82,72,normal
15,464,3479,39,35,autogol
15,464,830,39,52,normal
15,464,96,22,90,normal
15,465,789,56,69,normal
15,467,792,62,42,normal
15,467,792,62,65,normal
15,467,798,51,84,normal
15,469,346,76,4,penal
15,469,783,81,37,penal
15,469,781,81,59,normal
15,469,781,81,81,normal
15,470,786,14,65,normal
15,471,54,5,7,penal
15,471,805,61,26,normal
15,471,56,5,45,normal
15,472,828,63,8,normal
15,472,790,7,21,normal
15,472,790,7,28,normal
15,473,347,13,5,penal
15,473,347,13,55,penal
15,473,796,13,65,normal
15,473,802,13,90,normal
15,474,759,75,18,normal
15,475,809,22,44,normal
15,475,816,22,90,normal
15,476,812,38,19,penal
15,476,784,38,66,normal
15,476,826,10,67,normal
15,476,784,38,70,normal
15,479,818,56,48,normal
15,479,801,62,57,normal
15,480,346,76,15,normal
15,480,346,76,41,normal
15,480,346,76,44,penal
15,480,345,16,46,normal
15,480,346,76,72,normal
15,480,346,76,75,normal
15,480,822,76,81,normal
15,482,187,66,43,normal
15,482,820,61,47,normal
15,482,825,66,77,normal
15,483,57,5,5,normal
15,484,810,63,45,normal
15,484,787,63,90,normal
15,485,347,13,61,normal
15,485,829,13,90,normal
15,487,131,38,15,normal
15,487,747,38,74,normal
15,487,800,38,86,penal
15,488,781,81,6,normal
15,488,348,81,51,normal
15,488,797,5,85,normal
15,488,348,81,88,normal
15,489,791,75,11,normal
15,489,18,7,16,penal
15,489,791,75,18,normal
15,489,785,75,58,normal
15,489,799,7,75,normal
15,490,187,66,11,normal
15,490,794,66,41,normal
15,492,788,63,25,normal
15,492,349,56,89,normal
15,492,349,56,100,penal
15,493,347,13,6,normal
15,493,734,62,18,penal
15,494,789,56,25,normal
15,494,784,38,58,normal
15,494,349,56,87,normal
15,497,783,81,78,normal
15,497,782,75,88,normal
15,497,782,75,101,normal
15,497,348,81,115,normal
15,498,349,56,20,normal
15,498,349,56,25,normal
15,498,347,13,44,penal
15,500,783,81,8,normal
15,500,819,81,30,normal
15,500,363,81,37,normal
15,500,348,81,40,normal
14,502,821,16,67,normal
14,503,844,75,41,normal
14,503,844,75,55,penal
14,504,342,56,78,normal
14,505,95,22,50,normal
14,505,888,22,85,normal
14,506,343,19,26,normal
14,506,842,19,40,penal
14,506,863,19,50,normal
14,506,850,39,60,normal
14,506,343,19,78,normal
14,506,873,19,90,normal
14,507,341,12,40,normal
14,507,341,12,63,normal
14,507,783,81,79,normal
14,509,851,25,49,normal
14,510,150,49,9,normal
14,510,884,51,73,normal
14,511,807,14,53,normal
14,511,853,14,64,normal
14,512,868,66,58,normal
14,512,122,32,83,penal
14,514,887,7,27,normal
14,514,849,7,79,normal
14,515,843,91,75,normal
14,516,859,56,11,normal
14,517,345,16,76,normal
14,517,345,16,86,normal
14,517,841,75,88,normal
14,518,842,19,31,penal
14,520,845,12,33,normal
14,521,874,35,11,normal
14,521,865,35,81,penal
14,521,885,81,86,normal
14,524,852,14,15,normal
14,524,85,14,24,normal
14,524,82,14,47,normal
14,524,848,89,73,normal
14,525,344,38,23,normal
14,525,864,24,43,normal
14,525,344,38,61,normal
14,525,344,38,81,normal
14,526,876,7,62,normal
14,526,841,75,68,normal
14,527,879,87,20,normal
14,527,892,87,29,normal
14,527,891,87,52,normal
14,527,854,87,63,normal
14,529,886,91,5,normal
14,529,846,91,9,normal
14,529,866,34,22,normal
14,529,846,91,46,normal
14,529,114,91,90,normal
14,530,342,56,9,normal
14,530,349,56,78,normal
14,531,878,9,49,normal
14,531,882,9,63,normal
14,531,877,39,83,normal
14,532,845,12,81,normal
14,533,856,81,32,normal
14,533,857,25,75,normal
14,533,875,25,87,normal
14,534,344,38,26,penal
14,534,889,14,29,normal
14,534,861,38,38,normal
14,535,858,89,90,normal
14,536,890,49,58,normal
14,537,862,66,11,normal
14,537,880,51,71,normal
14,538,345,16,106,normal
14,538,345,16,109,normal
14,538,95,22,115,normal
14,539,343,19,12,normal
14,539,860,25,54,normal
14,539,343,19,63,normal
14,539,870,19,75,normal
14,539,343,19,82,normal
14,540,790,7,80,normal
14,543,342,56,65,normal
14,543,883,56,85,normal
14,544,768,91,78,normal
14,544,814,38,83,normal
14,544,768,91,92,normal
14,545,840,49,119,normal
14,547,342,56,38,normal
14,549,840,49,25,normal
14,549,871,16,61,penal
14,549,855,16,65,normal
14,549,150,49,83,penal
14,549,150,49,105,penal
14,550,342,56,17,normal
14,550,790,7,67,normal
14,552,349,56,71,normal
14,552,840,49,81,normal
14,552,342,56,86,penal
13,554,362,56,43,normal
13,554,829,13,85,normal
13,555,906,12,62,normal
13,556,904,40,79,normal
13,557,899,7,6,normal
13,557,942,7,18,normal
13,557,899,7,46,normal
13,557,936,24,73,normal
13,558,951,87,2,normal
13,558,908,87,4,normal
13,558,897,87,24,penal
13,558,952,87,66,normal
13,558,3027,87,73,autogol
13,558,941,87,80,normal
13,560,905,62,23,normal
13,560,37,62,39,normal
13,560,947,14,45,normal
13,561,914,71,75,normal
13,562,950,52,6,normal
13,562,65,6,59,normal
13,563,898,30,57,normal
13,564,909,89,4,normal
13,564,901,2,84,normal
13,565,198,68,35,normal
13,566,939,87,53,normal
13,566,924,40,62,normal
13,567,929,13,11,normal
13,567,932,24,70,normal
13,568,362,56,6,penal
13,568,12,7,34,normal
13,569,923,46,2,normal
13,569,918,46,75,normal
13,570,341,12,66,normal
13,572,926,62,3,normal
13,572,198,68,85,normal
13,573,945,70,68,normal
13,574,130,38,2,normal
13,574,814,38,18,normal
13,574,916,52,47,normal
13,575,85,14,16,normal
13,575,83,14,21,penal
13,575,938,50,59,normal
13,576,128,35,18,normal
13,576,357,2,22,normal
13,576,901,2,50,normal
13,577,898,30,11,normal
13,577,934,30,41,normal
13,577,927,89,45,penal
13,577,744,30,52,normal
13,577,898,30,67,normal
13,577,898,30,80,normal
13,577,900,30,88,normal
13,578,912,87,58,normal
13,578,891,87,74,normal
13,579,907,40,29,normal
13,579,946,40,62,normal
13,579,940,40,84,normal
13,580,362,56,17,normal
13,580,915,24,62,normal
13,580,362,56,73,normal
13,580,2805,56,82,autogol
13,580,931,24,83,normal
13,581,899,7,3,normal
13,581,849,7,76,normal
13,582,948,14,30,normal
13,582,195,68,50,normal
13,582,949,14,59,normal
13,582,195,68,76,normal
13,583,150,49,9,normal
13,583,150,49,14,normal
13,583,150,49,34,normal
13,584,170,61,19,normal
13,584,170,61,27,normal
13,584,933,61,62,normal
13,584,919,71,79,normal
13,585,905,62,54,normal
13,586,341,12,15,normal
13,586,903,12,42,normal
13,586,341,12,87,normal
13,587,902,38,15,normal
13,587,902,38,68,normal
13,587,921,38,70,normal
13,588,900,30,43,penal
13,588,922,30,62,normal
13,590,897,87,27,normal
13,590,85,14,56,normal
13,590,897,87,70,normal
13,590,82,14,77,normal
13,590,917,14,102,normal
13,590,83,14,110,normal
13,590,897,87,111,penal
13,591,935,62,34,normal
13,591,944,62,61,normal
13,592,906,12,30,penal
13,592,903,12,55,normal
13,592,920,12,79,normal
13,592,341,12,83,penal
13,593,937,7,42,normal
13,594,26,2,87,normal
13,595,142,40,15,normal
13,595,907,40,57,normal
13,596,900,30,33,penal
13,596,130,38,43,normal
13,596,130,38,56,normal
13,596,793,38,68,penal
13,596,130,38,80,normal
13,596,130,38,89,penal
13,597,150,49,31,normal
13,597,911,49,56,normal
13,597,150,49,73,normal
13,599,341,12,17,normal
13,599,142,40,40,normal
13,600,82,14,35,normal
13,600,943,38,85,normal
13,601,12,7,51,normal
13,601,12,7,54,normal
13,601,150,49,80,normal
13,602,12,7,51,normal
13,602,12,7,63,normal
13,603,839,2,9,normal
13,603,357,2,89,normal
13,604,82,14,11,normal
13,604,925,40,27,normal
13,604,904,40,43,normal
13,604,83,14,73,normal
13,604,928,40,104,normal
13,604,910,40,111,penal
12,606,947,14,62,normal
12,607,978,87,34,normal
12,607,906,12,75,normal
12,607,961,12,88,normal
12,610,124,35,18,normal
12,610,126,35,29,normal
12,610,126,35,32,normal
12,610,184,65,54,normal
12,610,185,65,64,normal
12,610,1019,35,73,normal
12,610,976,35,79,normal
12,611,966,46,4,normal
12,611,969,46,11,normal
12,611,962,46,23,normal
12,611,1024,46,50,normal
12,611,962,46,54,normal
12,611,1017,33,64,normal
12,611,959,46,69,normal
12,611,1023,46,70,normal
12,611,959,46,72,normal
12,611,959,46,76,normal
12,611,966,46,83,normal
12,612,64,6,54,normal
12,612,338,2,67,normal
12,612,980,6,68,normal
12,613,1028,45,7,normal
12,613,1006,38,65,penal
12,614,970,49,1,normal
12,614,1022,40,24,normal
12,614,970,49,67,normal
12,614,1008,49,83,normal
12,615,967,19,21,penal
12,615,975,60,57,normal
12,617,76,9,22,normal
12,618,960,7,26,normal
12,618,12,7,28,normal
12,618,12,7,57,normal
12,618,977,7,60,normal
12,618,969,46,76,normal
12,619,989,56,18,normal
12,619,993,69,83,normal
12,620,1011,35,18,normal
12,620,340,12,33,normal
12,620,443,12,48,normal
12,620,961,12,63,normal
12,620,957,12,87,normal
12,622,988,14,19,normal
12,623,994,87,24,normal
12,623,912,87,48,normal
12,623,979,87,68,normal
12,624,997,91,10,normal
12,624,596,38,14,penal
12,624,1020,38,66,normal
12,625,964,49,62,normal
12,625,2086,49,66,autogol
12,626,338,2,9,normal
12,626,338,2,57,normal
12,626,338,2,66,normal
12,626,1018,2,83,normal
12,626,1010,20,90,normal
12,627,956,52,9,normal
12,627,1004,45,60,normal
12,628,928,40,31,normal
12,628,142,40,43,normal
12,628,972,40,48,normal
12,628,974,60,75,normal
12,628,982,40,89,normal
12,629,76,9,55,normal
12,629,75,9,67,normal
12,630,123,35,15,normal
12,630,986,87,59,normal
12,630,1021,87,84,normal
12,630,127,35,86,normal
12,631,1026,46,27,normal
12,631,991,14,76,normal
12,632,945,70,55,normal
12,632,334,70,58,normal
12,632,339,70,61,normal
12,632,984,70,68,normal
12,632,987,70,76,normal
12,632,1003,69,83,normal
12,633,996,56,60,normal
12,633,1009,16,61,normal
12,634,968,7,22,penal
12,634,960,7,54,normal
12,635,340,12,28,normal
12,635,340,12,31,normal
12,635,957,12,64,normal
12,635,971,12,70,normal
12,636,1015,91,88,penal
12,637,972,40,66,normal
12,637,967,19,84,penal
12,638,60,6,7,normal
12,638,60,6,31,normal
12,638,981,6,35,normal
12,638,1012,20,59,penal
12,638,1005,20,73,normal
12,639,956,52,47,normal
12,640,999,2,10,normal
12,641,964,49,27,normal
12,642,928,40,39,normal
12,643,339,70,4,normal
12,643,339,70,26,normal
12,643,339,70,53,normal
12,645,973,56,57,normal
12,645,985,56,67,normal
12,645,968,7,83,normal
12,646,1013,87,48,normal
12,647,965,52,27,normal
12,647,1016,9,50,normal
12,647,998,9,68,normal
12,647,965,52,75,normal
12,648,340,12,11,normal
12,648,971,12,66,normal
12,648,662,12,75,normal
12,648,992,7,89,normal
12,649,872,2,50,normal
12,649,963,2,75,normal
12,649,1027,38,82,normal
12,650,958,40,33,normal
12,650,940,40,46,normal
12,650,940,40,68,normal
12,650,956,52,75,normal
12,650,958,40,80,normal
12,652,337,56,5,normal
12,652,906,12,12,normal
12,652,337,56,25,normal
12,652,957,12,68,normal
12,652,337,56,74,normal
12,654,872,2,17,normal
12,654,142,40,26,penal
12,654,1025,40,92,normal
12,654,958,40,98,normal
12,654,338,2,102,normal
12,654,963,2,108,normal
12,655,337,56,22,normal
12,655,337,56,73,normal
12,656,995,40,13,normal
12,656,336,70,40,normal
12,656,1007,70,44,normal
12,656,1002,70,46,normal
12,656,990,40,72,normal
11,659,1068,62,45,penal
11,659,223,86,55,normal
11,659,1053,86,79,normal
11,659,1052,86,87,normal
11,660,1056,40,1,normal
11,660,337,56,29,normal
11,660,1070,56,54,normal
11,661,1047,46,10,normal
11,661,1033,7,15,normal
11,661,960,7,83,normal
11,662,188,66,40,penal
11,662,188,66,62,normal
11,662,188,66,79,penal
11,663,76,9,9,normal
11,663,1050,38,21,normal
11,663,75,9,76,normal
11,664,123,35,14,normal
11,664,1048,69,43,normal
11,664,333,69,71,normal
11,664,333,69,77,normal
11,665,1063,81,37,normal
11,665,1062,12,45,normal
11,666,1040,2,15,normal
11,666,1058,2,30,normal
11,666,338,2,38,normal
11,666,1038,2,44,normal
11,666,338,2,73,normal
11,666,1038,2,89,normal
11,667,968,7,45,penal
11,667,142,40,60,normal
11,667,1033,7,73,normal
11,668,334,70,43,normal
11,669,337,56,34,normal
11,669,1036,56,36,normal
11,669,1044,56,60,normal
11,669,1065,46,81,penal
11,672,3485,35,43,autogol
11,672,1049,53,60,normal
11,673,75,9,42,penal
11,674,1036,56,67,normal
11,676,1057,40,22,normal
11,676,1045,40,37,normal
11,676,1071,46,41,normal
11,676,940,40,42,normal
11,677,339,70,43,normal
11,677,1061,62,52,normal
11,677,1051,70,56,normal
11,677,339,70,84,normal
11,678,1069,69,2,normal
11,678,333,69,36,penal
11,678,333,69,39,penal
11,678,160,53,41,normal
11,678,333,69,79,normal
11,679,1043,38,75,normal
11,680,188,66,34,penal
11,680,124,35,44,normal
11,680,125,35,47,penal
11,680,125,35,68,normal
11,680,186,66,71,normal
11,681,1035,12,40,normal
11,682,1037,66,6,normal
11,682,188,66,35,penal
11,682,186,66,36,normal
11,682,186,66,53,normal
11,682,1060,9,79,normal
11,682,1067,66,82,normal
11,684,1034,12,15,normal
11,684,1034,12,28,normal
11,684,340,12,73,penal
11,685,34,7,16,normal
11,685,34,7,71,normal
11,687,336,70,65,normal
11,688,1042,2,3,normal
11,688,1039,66,27,normal
11,688,1040,2,70,normal
11,688,1066,66,84,normal
11,689,337,56,14,normal
11,690,34,7,21,normal
11,690,1064,7,43,normal
11,690,34,7,48,normal
11,690,1033,7,50,normal
11,690,1055,7,67,normal
11,690,1033,7,72,normal
11,691,1037,56,18,autogol
11,691,1037,66,50,normal
11,691,1039,66,75,normal
11,692,1041,12,12,normal
11,692,334,70,45,normal
11,692,1035,12,57,normal
11,692,1035,12,63,normal
11,693,338,2,19,normal
11,693,1074,9,59,autogol
11,693,75,9,66,normal
11,693,1054,2,68,normal
11,693,75,9,87,normal
11,694,1046,56,38,normal
11,694,1041,12,64,normal
11,694,1034,12,72,normal
10,698,3009,3,58,autogol
10,698,1081,3,72,normal
10,699,1101,35,26,normal
10,699,123,35,34,normal
10,701,334,70,7,normal
10,701,336,70,8,normal
10,701,1097,7,60,normal
10,701,334,70,62,normal
10,701,1086,7,66,normal
10,703,186,66,7,normal
10,703,186,66,86,normal
10,706,1076,91,8,normal
10,706,1094,91,14,normal
10,706,1082,91,18,normal
10,706,1100,91,22,normal
10,706,1076,91,30,normal
10,706,1087,91,35,normal
10,706,1102,91,61,normal
10,706,1104,91,65,normal
10,706,1076,91,81,normal
10,707,1099,3,55,normal
10,707,8448,20,69,normal
10,709,1055,7,19,normal
10,709,6549,56,35,autogol
10,711,1088,13,75,normal
10,711,1103,89,87,normal
10,712,87,12,12,normal
10,712,361,12,66,normal
10,712,1108,12,79,normal
10,715,1078,91,81,normal
10,715,123,35,88,normal
10,716,336,70,38,normal
10,716,1051,70,44,normal
10,716,1091,56,85,normal
10,718,335,66,5,penal
10,718,335,66,45,penal
10,718,186,66,71,normal
10,718,1073,13,78,autogol
10,718,1093,66,88,normal
10,719,1075,81,46,normal
10,719,1080,81,74,normal
10,719,1075,81,77,normal
10,720,334,70,43,normal
10,722,1077,66,10,normal
10,722,1073,66,25,normal
10,722,186,66,73,normal
10,722,1077,66,90,normal
10,723,361,12,60,normal
10,724,335,66,7,normal
10,724,188,66,59,normal
10,725,361,12,32,normal
10,725,1090,7,35,normal
10,725,87,12,49,normal
10,726,1051,70,24,penal
10,726,1078,91,43,normal
10,726,334,70,62,normal
10,728,1082,91,27,normal
10,728,1075,81,29,normal
10,728,1107,81,85,normal
10,729,1081,3,14,normal
10,729,1055,7,20,normal
10,731,335,66,50,normal
10,731,1077,66,65,normal
10,732,334,70,76,normal
9,735,151,49,65,normal
9,736,1142,89,23,normal
9,736,1143,89,50,normal
9,737,1130,13,13,normal
9,737,1088,13,49,normal
9,737,1115,69,50,normal
9,737,1125,69,55,normal
9,737,333,69,73,normal
9,738,1131,56,10,normal
9,740,1119,14,12,normal
9,740,1119,14,54,normal
9,740,1116,14,79,penal
9,742,333,69,65,normal
9,742,1124,69,67,normal
9,742,333,69,75,normal
9,743,1117,19,5,normal
9,743,1145,75,52,normal
9,743,1114,75,75,penal
9,744,1111,87,14,normal
9,744,1120,87,57,normal
9,744,1111,87,63,normal
9,744,1139,87,76,normal
9,744,1116,14,86,normal
9,746,1151,81,53,normal
9,746,1150,55,56,normal
9,747,176,62,45,normal
9,747,176,62,46,normal
9,747,1133,62,58,normal
9,747,1121,62,83,normal
9,750,1111,87,51,normal
9,750,1111,87,74,normal
9,751,1137,81,90,normal
9,754,1152,13,40,normal
9,754,1135,61,61,normal
9,755,1126,49,50,penal
9,756,1147,62,14,penal
9,759,1136,62,13,normal
9,759,1147,56,25,autogol
9,759,1112,56,63,normal
9,759,1105,56,70,normal
9,759,1112,56,76,normal
9,760,1132,89,116,normal
8,767,1174,2,15,normal
8,767,329,2,20,normal
8,767,330,2,39,normal
8,767,330,2,52,normal
8,767,329,2,77,penal
8,768,1158,87,31,normal
8,768,1165,87,33,normal
8,768,1158,87,88,normal
8,770,1167,62,48,normal
8,770,1173,40,62,normal
8,771,1176,56,8,normal
8,771,1166,56,88,normal
8,772,200,71,2,normal
8,772,331,46,60,normal
8,772,200,71,67,normal
8,772,202,71,90,normal
8,773,1156,7,65,normal
8,773,1179,38,71,normal
8,773,1156,7,79,normal
8,774,1169,40,15,penal
8,774,1182,89,26,normal
8,774,1168,89,31,normal
8,776,1180,82,28,normal
8,776,1183,38,57,normal
8,776,1163,38,75,normal
8,777,1160,20,26,penal
8,777,1162,23,88,normal
8,778,8162,71,17,autogol
8,778,24,71,38,normal
8,778,202,71,81,normal
8,780,1159,87,57,normal
8,781,152,49,37,normal
8,781,1157,49,75,normal
8,784,1156,7,53,normal
8,784,1177,7,81,normal
8,785,1178,23,42,normal
8,786,1157,49,38,normal
8,786,1157,49,75,normal
8,787,1172,38,22,normal
8,787,1170,2,38,normal
8,787,53,2,84,normal
8,788,332,87,28,normal
8,788,1160,20,32,normal
8,788,332,87,85,normal
8,789,1164,13,15,normal
8,789,3053,46,43,autogol
8,789,1161,46,45,normal
8,789,331,46,54,normal
8,790,1162,23,1,normal
8,790,1175,23,22,normal
8,790,1186,23,25,normal
8,790,24,71,27,normal
8,790,24,71,43,penal
8,790,24,71,56,normal
8,790,24,71,59,penal
8,790,200,71,80,normal
8,791,151,49,78,normal
8,792,329,2,11,normal
8,792,330,2,70,normal
8,792,53,2,75,normal
8,792,329,2,83,normal
8,793,1159,87,5,normal
8,793,332,87,46,normal
8,793,331,46,57,normal
8,794,329,2,43,normal
8,794,330,2,67,normal
8,794,332,87,88,normal
8,795,152,49,30,normal
8,795,152,49,80,normal
8,795,24,71,82,penal
8,796,24,71,12,penal
8,796,1158,87,43,normal
8,796,202,71,89,normal
7,798,1234,22,19,penal
7,798,1128,89,56,normal
7,798,1201,89,75,normal
7,800,1231,82,6,normal
7,800,328,20,44,normal
7,800,1199,20,51,normal
7,800,328,20,55,normal
7,801,1210,7,4,normal
7,802,1229,19,80,normal
7,803,326,87,51,normal
7,803,1198,87,83,normal
7,804,359,46,17,normal
7,804,1197,49,60,penal
7,804,324,46,71,normal
7,806,1199,20,73,normal
7,806,1202,20,87,normal
7,808,1206,89,19,normal
7,808,1226,91,25,penal
7,808,1194,91,29,normal
7,808,327,91,49,normal
7,809,1197,49,17,penal
7,809,152,49,42,normal
7,809,1211,49,67,normal
7,809,1224,7,81,normal
7,810,324,46,1,normal
7,810,324,46,6,normal
7,810,359,46,8,normal
7,810,1228,46,12,normal
7,810,324,46,53,normal
7,810,1227,13,64,normal
7,810,359,46,70,normal
7,811,326,87,8,normal
7,811,1159,87,10,normal
7,811,326,87,11,normal
7,811,1203,22,21,normal
7,811,1198,87,56,normal
7,811,1207,22,68,normal
7,811,1222,22,72,normal
7,811,1215,22,76,normal
7,812,1221,38,90,normal
7,813,1205,2,45,normal
7,813,53,2,59,normal
7,813,1225,82,73,normal
7,814,1230,2,21,penal
7,814,53,2,82,normal
7,816,1216,87,38,normal
7,816,1201,89,54,normal
7,816,326,87,89,normal
7,818,1194,91,20,normal
7,818,327,91,25,normal
7,818,1194,91,61,normal
7,818,1219,91,82,normal
7,818,327,91,87,normal
7,819,1217,19,1,normal
7,819,1209,62,12,normal
7,819,1208,62,29,normal
7,819,1212,62,90,penal
7,820,1220,56,2,normal
7,820,1196,56,65,normal
7,820,1196,56,67,normal
7,823,1195,19,13,normal
7,824,1223,91,85,normal
7,825,328,20,11,normal
7,825,1159,87,26,normal
7,825,1200,20,29,normal
7,826,1214,19,48,normal
7,826,327,91,69,normal
7,826,1195,19,80,normal
7,826,1195,19,84,penal
7,828,1200,20,90,normal
6,830,1260,46,5,normal
6,830,1261,41,27,normal
6,831,1264,52,20,normal
6,834,1242,7,2,normal
6,834,52,2,32,normal
6,834,53,2,40,normal
6,834,52,2,79,normal
6,835,1283,87,13,normal
6,835,1271,87,55,normal
6,835,1252,49,66,normal
6,835,1268,49,85,penal
6,836,1254,91,6,normal
6,836,1277,35,49,normal
6,837,1240,81,17,normal
6,837,1253,81,57,penal
6,837,1240,81,64,normal
6,839,1246,68,4,normal
6,839,1276,35,24,normal
6,839,1281,68,45,normal
6,839,196,68,73,normal
6,839,1263,35,76,normal
6,840,1247,41,32,normal
6,840,1258,62,89,normal
6,841,1249,19,24,penal
6,841,1241,19,43,normal
6,841,358,2,59,normal
6,841,52,2,70,normal
6,842,1251,87,15,normal
6,842,326,87,63,normal
6,843,364,52,3,normal
6,843,1242,7,38,penal
6,843,1275,7,55,normal
6,843,1256,7,59,normal
6,845,1239,81,34,normal
6,845,1239,81,55,normal
6,845,359,46,77,normal
6,848,364,52,19,normal
6,848,52,2,20,normal
6,848,364,52,60,normal
6,848,53,2,79,normal
6,849,1279,91,12,normal
6,849,196,68,20,normal
6,849,1245,91,29,normal
6,849,1246,68,49,normal
6,849,1280,91,73,normal
6,849,197,68,80,normal
6,851,1273,9,16,normal
6,851,1270,49,56,normal
6,851,1272,9,70,normal
6,851,1252,49,73,normal
6,852,359,46,19,normal
6,852,359,46,46,normal
6,852,1282,46,54,normal
6,852,1259,46,69,normal
6,853,1249,19,8,normal
6,853,1241,19,17,normal
6,853,1250,19,40,normal
6,853,1242,7,65,penal
6,853,1267,19,69,normal
6,853,1241,19,82,normal
6,853,1250,19,89,normal
6,854,1241,19,19,normal
6,854,364,52,44,normal
6,854,364,52,99,normal
6,855,359,46,33,normal
6,855,1247,41,35,normal
6,855,1274,41,76,normal
6,856,1251,87,68,normal
6,858,52,2,12,normal
6,860,1239,81,49,normal
6,860,1240,81,88,normal
6,861,358,2,24,normal
6,861,1284,81,32,normal
6,861,1269,81,81,normal
6,861,1239,81,88,normal
5,865,1321,91,15,normal
5,866,74,9,33,normal
5,867,227,89,71,normal
5,867,229,89,84,normal
5,868,1310,12,23,normal
5,868,1265,12,30,normal
5,868,1307,12,34,normal
5,868,1307,12,43,normal
5,868,1302,12,69,normal
5,869,1291,46,12,normal
5,869,1305,46,18,normal
5,869,322,46,24,normal
5,869,322,46,36,normal
5,869,322,46,50,normal
5,869,1295,46,59,normal
5,869,1306,46,75,normal
5,869,1306,46,83,normal
5,869,1291,46,89,normal
5,870,1293,14,5,normal
5,870,1301,49,26,normal
5,870,1297,49,36,normal
5,870,1301,49,63,normal
5,870,1312,14,67,normal
5,870,1293,14,71,normal
5,870,1297,49,91,normal
5,870,3197,14,94,autogol
5,871,1298,85,2,normal
5,871,358,2,14,normal
5,871,1318,2,52,normal
5,871,1292,2,60,normal
5,871,323,2,84,normal
5,872,218,82,18,normal
5,872,1311,56,44,normal
5,872,215,82,78,normal
5,873,1285,40,19,normal
5,873,2633,40,46,autogol
5,873,1319,62,54,normal
5,873,1309,62,85,normal
5,873,1243,40,88,penal
5,874,1329,91,48,normal
5,874,1265,12,69,normal
5,875,77,9,3,normal
5,875,74,9,4,normal
5,875,74,9,21,normal
5,875,74,9,24,normal
5,875,77,9,65,normal
5,876,1289,89,17,normal
5,876,227,89,30,normal
5,876,1289,89,47,normal
5,876,1300,89,54,normal
5,876,1289,89,57,normal
5,876,227,89,83,normal
5,876,1300,89,85,normal
5,877,322,46,3,normal
5,877,1291,46,17,normal
5,877,322,46,21,normal
5,877,1325,2,25,normal
5,877,1290,46,52,normal
5,877,1290,46,54,normal
5,877,322,46,69,normal
5,877,1024,46,75,normal
5,877,52,2,77,normal
5,877,322,46,78,normal
5,877,1316,2,84,normal
5,878,1298,85,10,normal
5,878,1304,85,18,normal
5,878,1298,85,30,normal
5,878,1294,85,37,normal
5,878,1294,85,64,normal
5,878,1294,85,70,normal
5,878,1317,85,76,normal
5,879,1322,49,43,normal
5,879,1328,49,69,normal
5,880,1324,56,41,penal
5,880,1315,56,48,normal
5,880,1314,56,58,normal
5,880,1320,56,78,normal
5,880,1293,14,81,normal
5,881,215,82,14,normal
5,881,218,82,48,normal
5,881,1323,56,67,normal
5,881,215,82,85,normal
5,881,219,82,90,normal
5,882,1292,2,7,normal
5,882,358,2,12,normal
5,882,1313,85,21,normal
5,882,323,2,30,normal
5,882,323,2,60,normal
5,882,1299,2,62,normal
5,882,323,2,77,normal
5,882,358,2,79,normal
5,882,1304,85,82,normal
5,883,1289,89,5,normal
5,883,1297,49,16,normal
5,883,1327,89,39,normal
5,883,229,89,46,normal
5,883,1268,49,67,normal
5,883,1308,89,78,normal
5,884,218,82,16,normal
5,884,215,82,17,normal
5,884,215,82,19,normal
5,884,78,9,25,normal
5,884,1303,9,26,normal
5,884,78,9,27,normal
5,884,79,9,32,normal
5,884,1303,9,34,normal
5,884,218,82,39,normal
5,884,78,9,53,normal
5,884,215,82,58,normal
5,884,74,9,76,normal
5,885,1290,46,4,normal
5,885,322,46,7,normal
5,885,1236,12,18,penal
5,885,1305,46,60,penal
5,885,1302,12,65,normal
5,885,322,46,88,normal
5,886,4298,2,9,autogol
5,886,52,2,85,normal
5,887,1295,46,13,normal
5,887,1290,46,46,normal
5,887,1296,89,75,normal
5,887,1296,89,86,normal
5,887,322,46,111,normal
5,887,322,46,116,normal
5,888,358,2,31,normal
5,888,323,2,47,normal
5,888,74,9,51,normal
5,888,1299,2,54,penal
5,888,1292,2,61,normal
5,888,1299,2,64,penal
5,888,1292,2,89,normal
5,889,77,9,16,penal
5,889,1296,89,22,normal
5,889,2984,9,59,autogol
5,889,79,9,89,normal
4,891,86,12,30,normal
4,891,1339,12,65,normal
4,891,1310,12,71,normal
4,891,86,12,79,normal
4,892,1336,56,7,normal
4,892,1340,81,25,normal
4,892,1334,81,34,normal
4,892,1340,81,69,normal
4,892,1358,56,79,normal
4,893,1356,91,59,normal
4,893,1341,91,70,normal
4,893,1359,91,84,normal
4,894,1357,49,39,normal
4,894,1354,49,51,normal
4,895,1361,39,17,normal
4,895,1338,38,81,normal
4,895,319,38,83,normal
4,895,134,38,89,normal
4,896,1346,91,20,normal
4,896,1335,91,23,normal
4,896,1335,91,51,normal
4,896,1341,91,81,normal
4,896,1360,62,89,penal
4,897,1343,12,3,normal
4,897,219,82,17,normal
4,897,1310,12,32,normal
4,897,219,82,88,normal
4,898,1333,81,17,normal
4,898,1332,81,26,normal
4,898,1351,68,35,normal
4,898,1350,68,74,normal
4,899,1349,39,38,normal
4,900,319,38,17,normal
4,900,134,38,30,normal
4,901,86,12,4,normal
4,901,1342,12,69,normal
4,902,227,89,14,normal
4,902,1366,89,18,normal
4,902,229,89,23,normal
4,902,227,89,40,normal
4,902,227,89,51,normal
4,902,229,89,54,normal
4,902,1362,89,83,normal
4,902,321,89,87,normal
4,903,1345,82,10,normal
4,903,1344,82,44,normal
4,903,1347,62,89,normal
4,904,134,38,48,normal
4,905,1365,20,16,normal
4,905,1337,20,32,normal
4,905,1367,39,47,normal
4,905,1352,39,48,penal
4,905,1363,20,54,normal
4,905,1337,20,60,normal
4,905,1364,20,82,normal
4,906,1336,56,12,normal
4,906,1324,56,63,normal
4,907,86,12,17,normal
4,907,86,12,36,normal
4,907,320,12,39,normal
4,907,86,12,52,normal
4,907,86,12,58,normal
4,907,1334,81,67,penal
4,907,1353,12,85,normal
4,907,320,12,88,normal
4,908,321,89,29,normal
4,908,319,38,37,normal
4,908,319,38,39,normal
4,908,1327,89,73,normal
4,909,1332,81,5,normal
4,909,321,89,39,normal
4,909,1333,81,40,normal
4,909,227,89,77,normal
4,909,227,89,85,normal
4,910,86,12,15,normal
4,910,1339,12,21,normal
4,910,320,12,31,normal
4,910,320,12,55,normal
4,910,86,12,57,normal
4,910,1342,12,67,normal
4,910,1338,38,71,normal
4,911,1333,81,15,normal
4,911,1355,81,33,normal
4,911,1332,81,80,normal
4,911,134,38,82,normal
4,912,1348,12,47,normal
4,912,229,89,66,normal
4,912,321,89,79,normal
3,913,1389,1,29,normal
3,913,217,82,43,normal
3,914,1404,40,1,normal
3,914,1382,40,16,normal
3,914,1392,14,38,normal
3,914,1382,40,69,normal
3,915,1388,56,2,normal
3,915,178,64,83,normal
3,915,316,56,94,normal
3,916,315,12,18,normal
3,916,1401,70,23,penal
3,916,1378,12,25,normal
3,916,1377,12,44,normal
3,916,1374,70,53,normal
3,916,1374,70,59,normal
3,916,1377,12,71,normal
3,916,1374,70,89,normal
3,916,315,12,93,normal
3,916,315,12,104,normal
3,916,1374,70,118,normal
3,917,1394,46,13,normal
3,917,1403,46,15,normal
3,917,317,46,28,normal
3,917,318,46,35,normal
3,917,318,46,76,normal
3,917,317,46,89,normal
3,918,1396,19,93,normal
3,918,312,19,111,normal
3,918,1406,19,118,normal
3,919,1386,75,35,normal
3,919,1379,28,44,normal
3,919,1397,28,69,normal
3,919,1384,75,88,normal
3,919,1379,28,103,normal
3,919,1381,75,105,normal
3,920,1390,1,8,normal
3,920,5256,1,22,autogol
3,920,1405,82,42,normal
3,920,1385,82,64,normal
3,920,217,82,75,normal
3,920,217,82,78,normal
3,921,1381,75,28,normal
3,921,1379,28,51,normal
3,921,1387,28,53,normal
3,922,1375,81,9,normal
3,922,1380,81,32,normal
3,922,1380,81,37,normal
3,922,1380,81,44,normal
3,922,1375,81,80,normal
3,922,1375,81,81,normal
3,922,1376,81,84,normal
3,922,1383,81,90,normal
3,923,1373,56,9,normal
3,923,1391,40,10,normal
3,923,316,56,51,normal
3,923,316,56,72,normal
3,924,317,46,40,normal
3,924,318,46,89,normal
3,925,315,12,30,normal
3,925,312,19,65,penal
3,926,1395,19,25,normal
3,926,315,12,57,normal
3,926,1399,12,63,normal
3,927,1376,81,1,normal
3,927,4458,46,19,autogol
3,927,1400,46,37,normal
3,927,318,46,39,normal
3,927,317,46,65,normal
3,927,318,46,85,normal
3,928,1373,56,51,normal
3,928,1398,56,60,penal
3,928,1378,12,87,normal
3,929,1393,81,28,normal
3,929,1376,81,38,normal
3,929,1378,12,44,normal
3,929,315,12,63,normal
3,929,315,12,74,normal
3,929,1377,12,80,normal
2,931,1429,1,25,normal
2,931,1421,14,29,normal
2,931,1421,14,43,normal
2,931,1436,1,49,normal
2,931,313,1,66,normal
2,931,313,1,70,normal
2,931,313,1,87,normal
2,932,1422,7,4,normal
2,932,1393,81,9,normal
2,932,1426,7,48,normal
2,932,1393,81,67,normal
2,932,1430,81,79,normal
2,933,314,56,18,normal
2,933,1413,56,20,normal
2,933,314,56,29,normal
2,933,1424,39,57,normal
2,933,1414,56,63,normal
2,933,314,56,64,normal
2,933,1413,56,69,normal
2,933,1398,56,90,normal
2,934,1439,46,11,normal
2,934,1403,46,27,normal
2,934,120,32,31,normal
2,934,120,32,39,normal
2,934,1442,46,53,normal
2,934,1403,46,61,normal
2,935,1417,38,18,penal
2,935,1417,38,25,normal
2,935,1431,38,29,normal
2,935,315,12,55,normal
2,936,1381,75,11,normal
2,936,1419,19,50,normal
2,936,312,19,67,normal
2,937,220,82,7,normal
2,937,1438,66,19,normal
2,937,220,82,43,normal
2,937,217,82,69,normal
2,937,1440,66,84,normal
2,938,1382,40,18,normal
2,938,1437,9,44,normal
2,938,1434,9,93,normal
2,938,1423,9,109,normal
2,938,1441,40,116,penal
2,939,220,82,18,normal
2,939,1420,19,24,normal
2,939,1420,19,49,normal
2,939,1428,82,78,normal
2,939,312,19,82,normal
2,940,1416,9,8,normal
2,940,1443,9,51,normal
2,940,317,46,60,penal
2,941,1415,1,60,normal
2,941,1415,1,63,normal
2,941,1425,81,82,normal
2,942,1433,38,30,normal
2,942,1414,56,44,normal
2,943,1398,56,11,normal
2,944,312,19,21,normal
2,944,1432,1,62,normal
2,944,312,19,69,normal
2,944,312,19,80,normal
2,945,1427,56,19,normal
2,946,1418,1,1,normal
2,946,313,1,27,normal
2,946,1416,9,28,normal
2,946,1418,1,42,normal
2,946,1435,9,54,normal
1,948,1470,40,19,normal
1,948,1469,40,40,normal
1,948,1457,40,43,normal
1,948,1463,62,70,normal
1,948,1457,40,87,normal
1,949,1472,39,23,normal
1,949,1466,39,45,normal
1,949,137,39,69,normal
1,950,1464,75,1,normal
1,950,1476,69,75,normal
1,950,1477,75,79,normal
1,950,1468,75,89,normal
1,951,1478,91,21,normal
1,951,1451,91,30,normal
1,951,1453,12,62,normal
1,952,1449,7,81,normal
1,953,1460,20,3,normal
1,953,175,20,51,autogol
1,953,1460,20,65,normal
1,954,1451,91,60,normal
1,954,1471,91,65,normal
1,954,1451,91,67,normal
1,954,1481,91,85,normal
1,955,137,39,10,normal
1,955,137,39,15,normal
1,955,137,39,50,normal
1,956,1454,89,60,normal
1,957,66,7,8,normal
1,957,1461,7,12,normal
1,957,66,7,17,normal
1,957,175,62,42,penal
1,957,1479,7,53,normal
1,957,1461,7,55,normal
1,957,175,62,65,normal
1,957,1467,62,75,normal
1,957,66,7,80,normal
1,958,1459,20,65,normal
1,959,1480,68,40,normal
1,960,1458,12,37,normal
1,960,1453,12,67,normal
1,960,1458,12,73,normal
1,960,1453,12,83,normal
1,961,1455,89,7,normal
1,961,1473,89,24,normal
1,961,1450,89,30,normal
1,961,228,89,35,normal
1,962,66,7,12,normal
1,962,66,7,13,normal
1,962,1459,20,15,normal
1,962,1465,7,51,normal
1,963,1449,7,20,normal
1,963,1474,7,56,normal
1,963,66,7,69,normal
1,963,1452,7,80,normal
1,963,1452,7,85,normal
1,963,66,7,87,normal
1,963,1462,39,89,normal
1,964,1475,91,4,normal
1,964,228,89,18,normal
1,964,1450,89,20,normal
1,964,1450,89,31,normal
1,964,1456,89,61,normal
1,964,228,89,67,normal
1,964,228,89,72,normal
19,210,51,89,24,normal
19,210,51,89,80,penal
19,210,545,89,90,normal
6,846,1243,40,22,normal
6,846,4,40,44,normal
6,846,1257,35,66,normal
