id_mundial,id_jugador,id_seleccion,amarillas,rojas,rojas_directas,rojas_x2amarillas,partidos
22,234,16,0,1,-,1,3
22,2774,61,0,1,-,1,2
22,267,66,0,1,-,1,5
22,4177,41,0,1,1,-,2
22,1543,7,3,0,,,6
22,5851,7,3,0,,,4
22,1674,5,2,0,,,3
22,1689,5,2,0,,,2
22,2580,25,2,0,,,2
22,2677,70,2,0,,,4
22,3121,8,2,0,,,4
22,3536,16,2,0,,,3
22,4007,78,2,0,,,2
22,4022,77,2,0,,,3
22,4409,8,2,0,,,4
22,4423,58,2,0,,,3
22,4461,53,2,0,,,2
22,4633,24,2,0,,,4
22,4963,27,2,0,,,7
22,5321,78,2,0,,,3
22,5666,31,2,0,,,2
22,5742,78,2,0,,,3
22,6282,14,2,0,,,2
22,23,7,2,0,,,7
22,6419,7,2,0,,,5
22,299,78,2,0,,,3
22,6992,7,2,0,,,7
22,7218,82,2,0,,,2
22,7270,42,2,0,,,2
22,1501,86,1,0,,,3
22,1507,5,1,0,,,3
22,1539,39,1,0,,,2
22,1552,39,1,0,,,4
22,1558,17,1,0,,,3
22,1572,18,1,0,,,3
22,1603,18,1,0,,,3
22,246,82,1,0,,,4
22,1613,66,1,0,,,5
22,1663,18,1,0,,,1
22,1672,5,1,0,,,2
22,1677,5,1,0,,,3
22,55,5,1,0,,,3
22,1684,5,1,0,,,1
22,1695,5,1,0,,,3
22,59,5,1,0,,,3
22,1737,18,1,0,,,3
22,1767,62,1,0,,,1
22,1770,62,1,0,,,2
22,1786,61,1,0,,,7
22,1791,42,1,0,,,3
22,8450,61,1,0,,,7
22,1888,62,1,0,,,1
22,144,42,1,0,,,3
22,2029,5,1,0,,,2
22,249,41,1,0,,,3
22,2084,27,1,0,,,1
22,2113,16,1,0,,,1
22,2153,8,1,0,,,4
22,2216,89,1,0,,,3
22,2221,70,1,0,,,4
22,2230,66,1,0,,,4
22,2234,66,1,0,,,4
22,2354,25,1,0,,,3
22,2387,18,1,0,,,3
22,2388,61,1,0,,,7
22,2468,27,1,0,,,6
22,2479,17,1,0,,,3
22,39,38,1,0,,,4
22,2555,89,1,0,,,1
22,117,31,1,0,,,3
22,453,25,1,0,,,3
22,2652,14,1,0,,,2
22,254,12,1,0,,,4
22,46,89,1,0,,,3
22,235,24,1,0,,,4
22,259,30,1,0,,,3
22,2857,77,1,0,,,3
22,2880,89,1,0,,,2
22,2903,82,1,0,,,2
22,2910,25,1,0,,,3
22,2930,30,1,0,,,3
22,3035,12,1,0,,,3
22,260,61,1,0,,,3
22,90,17,1,0,,,3
22,261,66,1,0,,,5
22,3088,66,1,0,,,2
22,3144,40,1,0,,,7
22,3148,14,1,0,,,2
22,262,66,1,0,,,5
22,3162,39,1,0,,,4
22,263,77,1,0,,,4
22,3184,71,1,0,,,4
22,457,25,1,0,,,3
22,266,8,1,0,,,4
22,3437,82,1,0,,,2
22,3449,58,1,0,,,4
22,268,71,1,0,,,4
22,238,71,1,0,,,4
22,269,7,1,0,,,7
22,3690,70,1,0,,,4
22,3695,12,1,0,,,4
22,396,89,1,0,,,3
22,14,40,1,0,,,6
22,3945,1,1,0,,,3
22,41,40,1,0,,,7
22,4029,12,1,0,,,2
22,4050,62,1,0,,,1
22,281,40,1,0,,,6
22,4229,62,1,0,,,2
22,4276,17,1,0,,,3
22,4304,53,1,0,,,3
22,283,24,1,0,,,2
22,4472,77,1,0,,,4
22,4478,53,1,0,,,1
22,4482,41,1,0,,,3
22,4537,30,1,0,,,2
22,4583,17,1,0,,,3
22,4617,78,1,0,,,1
22,4691,53,1,0,,,1
22,4747,86,1,0,,,3
22,4752,1,1,0,,,1
22,4790,86,1,0,,,2
22,284,24,1,0,,,4
22,4851,1,1,0,,,3
22,4872,70,1,0,,,4
22,4928,66,1,0,,,5
22,287,77,1,0,,,4
22,4954,40,1,0,,,6
22,4998,30,1,0,,,3
22,406,70,1,0,,,4
22,145,42,1,0,,,3
22,5029,16,1,0,,,2
22,5067,86,1,0,,,3
22,5079,42,1,0,,,2
22,5087,66,1,0,,,1
22,5093,38,1,0,,,3
22,5155,24,1,0,,,4
22,5239,27,1,0,,,7
22,5302,27,1,0,,,6
22,5364,18,1,0,,,2
22,5366,5,1,0,,,1
22,409,49,1,0,,,5
22,5497,12,1,0,,,5
22,5513,7,1,0,,,5
22,5618,39,1,0,,,4
22,5681,77,1,0,,,4
22,5690,41,1,0,,,3
22,5,7,1,0,,,7
22,412,14,1,0,,,3
22,5745,70,1,0,,,3
22,293,78,1,0,,,3
22,5749,12,1,0,,,4
22,5758,17,1,0,,,3
22,242,78,1,0,,,3
22,11,27,1,0,,,7
22,5816,18,1,0,,,2
22,5860,8,1,0,,,4
22,5878,62,1,0,,,3
22,6090,71,1,0,,,5
22,6141,16,1,0,,,2
22,6179,89,1,0,,,3
22,6264,89,1,0,,,3
22,6324,17,1,0,,,3
22,6343,61,1,0,,,7
22,6526,71,1,0,,,1
22,300,27,1,0,,,6
22,6588,7,1,0,,,3
22,6691,53,1,0,,,3
22,302,40,1,0,,,6
22,6779,78,1,0,,,0
22,6807,41,1,0,,,3
22,6824,39,1,0,,,4
22,159,53,1,0,,,2
22,6891,82,1,0,,,2
22,6935,41,1,0,,,3
22,7078,61,1,0,,,5
22,171,61,1,0,,,6
22,7160,62,1,0,,,2
22,225,86,1,0,,,2
22,7416,30,1,0,,,1
22,27,89,1,0,,,3
22,7616,42,1,0,,,2
22,7690,5,1,0,,,2
22,7697,58,1,0,,,2
22,305,40,1,0,,,7
22,7760,40,1,0,,,5
22,7768,66,1,0,,,4
22,7790,16,1,0,,,3
22,8016,82,1,0,,,4
22,8116,71,1,0,,,3
22,8118,17,1,0,,,3
22,244,66,1,0,,,4
22,8229,82,1,0,,,3
22,8244,42,1,0,,,3
22,434,82,1,0,,,4
22,8311,58,1,0,,,1
22,8346,58,1,0,,,4
8,6817,7,1,1,1,-,4
8,7377,89,1,1,1,-,2
8,1713,7,0,1,1,-,3
8,1159,87,0,1,1,-,4
8,7849,89,0,1,1,-,4
8,330,2,2,0,,,6
8,1156,7,1,0,,,4
8,1192,71,1,0,,,6
8,3152,12,1,0,,,2
8,1130,13,1,0,,,2
8,24,71,1,0,,,6
8,3864,38,1,0,,,1
8,4801,87,1,0,,,4
8,4905,13,1,0,,,2
8,1160,20,1,0,,,3
8,1079,2,1,0,,,6
8,1148,49,1,0,,,5
8,7079,87,1,0,,,4
8,7451,7,1,0,,,4
8,7562,49,1,0,,,6
8,1238,87,1,0,,,5
8,1185,2,1,0,,,6
8,1152,13,1,0,,,3
9,3664,89,2,0,,,4
9,5150,49,2,0,,,3
9,3,2,2,0,,,6
9,1147,62,2,0,,,4
9,6707,55,2,0,,,3
9,1120,87,1,0,,,4
9,2070,55,1,0,,,3
9,2170,55,1,0,,,1
9,1111,87,1,0,,,4
9,1113,56,1,0,,,6
9,1122,56,1,0,,,6
9,1123,12,1,0,,,6
9,1168,89,1,0,,,6
9,2974,81,1,0,,,1
9,3102,56,1,0,,,6
9,3252,19,1,0,,,3
9,1131,56,1,0,,,6
9,3325,75,1,0,,,3
9,3641,33,1,0,,,3
9,1134,12,1,0,,,4
9,4299,19,1,0,,,2
9,1139,87,1,0,,,4
9,5045,19,1,0,,,2
9,5255,2,1,0,,,6
9,5261,87,1,0,,,2
9,5288,2,1,0,,,1
9,5299,87,1,0,,,2
9,5374,33,1,0,,,3
9,1142,89,1,0,,,6
9,5486,33,1,0,,,3
9,5671,33,1,0,,,2
9,5806,75,1,0,,,3
9,5847,89,1,0,,,6
9,1143,89,1,0,,,6
9,6144,87,1,0,,,1
9,6186,75,1,0,,,3
9,1079,2,1,0,,,6
9,6559,81,1,0,,,2
9,361,12,1,0,,,5
9,1105,56,1,0,,,4
9,7005,56,1,0,,,6
9,7751,14,1,0,,,3
9,1118,12,1,0,,,6
9,7883,89,1,0,,,6
9,176,62,1,0,,,4
9,7977,14,1,0,,,3
10,2703,20,1,1,1,-,2
10,5315,12,1,1,1,-,6
10,5847,89,0,1,1,-,1
10,5942,92,0,1,1,-,2
10,6887,8,0,1,-,1,3
10,1086,7,3,0,,,5
10,2137,44,2,0,,,3
10,1077,66,2,0,,,7
10,1137,81,2,0,,,6
10,4075,91,2,0,,,6
10,87,12,2,0,,,7
10,4730,70,2,0,,,7
10,1100,91,2,0,,,6
10,4866,3,2,0,,,6
10,5481,12,2,0,,,7
10,335,66,2,0,,,7
10,1102,91,2,0,,,5
10,6549,7,2,0,,,4
10,186,66,2,0,,,7
10,1106,3,2,0,,,6
10,7632,66,2,0,,,7
10,7974,66,2,0,,,7
10,1074,2,2,0,,,7
10,1537,91,1,0,,,6
10,1828,81,1,0,,,4
10,1076,91,1,0,,,3
10,2083,7,1,0,,,3
10,1044,56,1,0,,,3
10,1113,56,1,0,,,1
10,2494,91,1,0,,,6
10,2649,12,1,0,,,6
10,2976,3,1,0,,,6
10,3150,13,1,0,,,3
10,1034,12,1,0,,,4
10,1132,89,1,0,,,3
10,3666,89,1,0,,,3
10,3788,20,1,0,,,3
10,1095,70,1,0,,,7
10,4104,3,1,0,,,2
10,4171,35,1,0,,,3
10,1097,7,1,0,,,6
10,4284,35,1,0,,,3
10,1055,7,1,0,,,6
10,4380,92,1,0,,,3
10,4495,66,1,0,,,7
10,4516,89,1,0,,,3
10,123,35,1,0,,,3
10,1078,91,1,0,,,4
10,4990,3,1,0,,,3
10,5137,44,1,0,,,1
10,5356,8,1,0,,,3
10,5440,92,1,0,,,3
10,5441,89,1,0,,,3
10,5480,12,1,0,,,7
10,5537,89,1,0,,,3
10,5784,12,1,0,,,4
10,5965,70,1,0,,,6
10,6156,81,1,0,,,5
10,1079,2,1,0,,,7
10,6363,20,1,0,,,3
10,6559,81,1,0,,,2
10,6845,20,1,0,,,3
10,361,12,1,0,,,7
10,1081,3,1,0,,,4
10,336,70,1,0,,,6
10,8022,13,1,0,,,3
10,8041,20,1,0,,,3
10,8128,3,1,0,,,3
10,8167,3,1,0,,,4
10,8389,12,1,0,,,4
11,1059,66,1,1,1,-,4
11,966,46,1,1,1,-,2
11,7802,46,1,1,1,-,2
11,1069,69,3,0,,,5
11,1044,56,2,0,,,6
11,3485,53,2,0,,,2
11,973,56,2,0,,,6
11,1042,2,1,0,,,3
11,977,7,1,0,,,6
11,2122,12,1,0,,,7
11,1089,2,1,0,,,6
11,339,70,1,0,,,6
11,2353,81,1,0,,,3
11,985,56,1,0,,,7
11,2783,12,1,0,,,3
11,3170,86,1,0,,,3
11,920,12,1,0,,,3
11,3761,7,1,0,,,7
11,125,35,1,0,,,3
11,1031,56,1,0,,,7
11,1095,70,1,0,,,5
11,1039,66,1,0,,,6
11,4607,12,1,0,,,6
11,1073,66,1,0,,,7
11,5106,7,1,0,,,2
11,5136,38,1,0,,,3
11,5359,70,1,0,,,6
11,1110,2,1,0,,,6
11,5448,69,1,0,,,6
11,5524,46,1,0,,,3
11,5718,40,1,0,,,2
11,1058,2,1,0,,,4
11,5947,69,1,0,,,6
11,6043,53,1,0,,,3
11,335,66,1,0,,,5
11,1041,12,1,0,,,4
11,1014,12,1,0,,,7
11,968,7,1,0,,,7
11,142,40,1,0,,,3
11,6711,9,1,0,,,6
11,6739,69,1,0,,,2
11,6751,69,1,0,,,6
11,186,66,1,0,,,7
11,1035,12,1,0,,,5
11,7191,9,1,0,,,6
11,972,40,1,0,,,3
11,7632,66,1,0,,,4
11,7799,12,1,0,,,6
11,1067,66,1,0,,,7
11,1066,66,1,0,,,7
11,1068,62,1,0,,,3
11,8095,7,1,0,,,2
11,340,12,1,0,,,6
11,1071,46,1,0,,,3
12,3761,7,1,1,1,-,4
12,12,7,1,1,1,-,5
12,3278,52,0,1,1,-,4
12,8121,19,0,1,1,-,3
12,8323,45,0,1,1,-,3
12,910,40,2,0,,,5
12,339,70,2,0,,,6
12,984,70,2,0,,,7
12,1031,56,2,0,,,6
12,965,52,2,0,,,5
12,6302,56,2,0,,,5
12,6327,33,2,0,,,2
12,945,70,2,0,,,6
12,7560,2,2,0,,,7
12,1624,60,1,0,,,3
12,1728,38,1,0,,,5
12,1861,56,1,0,,,6
12,1870,16,1,0,,,3
12,977,7,1,0,,,5
12,979,87,1,0,,,5
12,960,7,1,0,,,5
12,2256,87,1,0,,,5
12,2369,87,1,0,,,3
12,2440,2,1,0,,,7
12,2523,49,1,0,,,4
12,2582,38,1,0,,,5
12,2746,19,1,0,,,1
12,986,87,1,0,,,5
12,1030,56,1,0,,,7
12,989,56,1,0,,,7
12,3122,9,1,0,,,4
12,3303,2,1,0,,,7
12,3312,69,1,0,,,3
12,3314,20,1,0,,,3
12,3531,33,1,0,,,2
12,3539,60,1,0,,,3
12,957,12,1,0,,,5
12,962,46,1,0,,,3
12,963,2,1,0,,,6
12,3655,2,1,0,,,4
12,3771,20,1,0,,,2
12,3795,20,1,0,,,2
12,928,40,1,0,,,5
12,958,40,1,0,,,6
12,3944,38,1,0,,,5
12,4164,9,1,0,,,4
12,998,9,1,0,,,5
12,999,2,1,0,,,5
12,1000,38,1,0,,,4
12,34,7,1,0,,,5
12,5002,91,1,0,,,2
12,1005,20,1,0,,,2
12,872,2,1,0,,,7
12,64,6,1,0,,,3
12,1007,70,1,0,,,7
12,5436,6,1,0,,,3
12,5451,45,1,0,,,3
12,1008,49,1,0,,,5
12,5482,56,1,0,,,5
12,5547,60,1,0,,,3
12,5613,52,1,0,,,5
12,5646,14,1,0,,,4
12,345,16,1,0,,,3
12,5755,14,1,0,,,5
12,6052,16,1,0,,,3
12,6139,16,1,0,,,3
12,966,46,1,0,,,3
12,1060,9,1,0,,,5
12,6253,7,1,0,,,5
12,6383,70,1,0,,,2
12,967,19,1,0,,,2
12,968,7,1,0,,,5
12,954,14,1,0,,,3
12,6598,9,1,0,,,1
12,1017,33,1,0,,,3
12,6827,33,1,0,,,3
12,337,56,1,0,,,7
12,7161,38,1,0,,,4
12,76,9,1,0,,,5
12,7254,56,1,0,,,7
12,7427,91,1,0,,,3
12,1022,40,1,0,,,6
12,127,35,1,0,,,3
12,7571,91,1,0,,,3
12,973,56,1,0,,,7
12,946,40,1,0,,,5
12,1069,69,1,0,,,3
12,8174,12,1,0,,,5
12,950,52,1,0,,,5
12,8238,49,1,0,,,5
12,8275,70,1,0,,,1
12,1027,38,1,0,,,4
12,1109,70,1,0,,,7
13,1597,62,1,1,1,-,5
13,1917,30,1,1,1,-,3
13,2380,89,1,1,1,-,3
13,7645,17,1,1,1,-,2
13,8238,49,1,1,1,-,2
13,2123,89,0,1,1,-,3
13,2246,2,0,1,1,-,6
13,3946,50,0,1,-,1,2
13,3573,49,3,0,,,4
13,37,62,3,0,,,4
13,1981,40,2,0,,,4
13,2232,56,2,0,,,3
13,2809,24,2,0,,,2
13,3016,89,2,0,,,3
13,3221,89,2,0,,,3
13,3340,70,2,0,,,4
13,924,40,2,0,,,6
13,3794,7,2,0,,,4
13,930,38,2,0,,,4
13,4779,61,2,0,,,4
13,4825,24,2,0,,,3
13,26,2,2,0,,,7
13,6726,7,2,0,,,7
13,7220,68,2,0,,,3
13,7319,50,2,0,,,2
13,1532,89,1,0,,,4
13,901,2,1,0,,,7
13,1781,89,1,0,,,4
13,910,40,1,0,,,7
13,1818,30,1,0,,,3
13,1882,13,1,0,,,3
13,976,35,1,0,,,1
13,2026,56,1,0,,,4
13,2069,35,1,0,,,2
13,2124,7,1,0,,,7
13,897,87,1,0,,,4
13,2229,30,1,0,,,3
13,339,70,1,0,,,4
13,803,12,1,0,,,5
13,2440,2,1,0,,,6
13,913,7,1,0,,,7
13,2523,49,1,0,,,5
13,2549,89,1,0,,,2
13,985,56,1,0,,,4
13,902,38,1,0,,,4
13,2582,38,1,0,,,5
13,341,12,1,0,,,5
13,82,14,1,0,,,7
13,83,14,1,0,,,7
13,2997,7,1,0,,,6
13,3089,62,1,0,,,3
13,3093,56,1,0,,,4
13,917,14,1,0,,,7
13,3172,56,1,0,,,4
13,3278,52,1,0,,,3
13,3359,2,1,0,,,7
13,920,12,1,0,,,5
13,3457,7,1,0,,,5
13,3656,2,1,0,,,7
13,927,89,1,0,,,4
13,3860,7,1,0,,,7
13,3883,71,1,0,,,3
13,3953,13,1,0,,,3
13,811,14,1,0,,,6
13,965,52,1,0,,,3
13,4113,50,1,0,,,2
13,4151,50,1,0,,,3
13,4162,49,1,0,,,3
13,4265,49,1,0,,,5
13,931,24,1,0,,,3
13,4471,2,1,0,,,6
13,4625,38,1,0,,,3
13,170,61,1,0,,,4
13,4782,50,1,0,,,3
13,5081,61,1,0,,,4
13,5186,17,1,0,,,3
13,64,6,1,0,,,3
13,5375,2,1,0,,,6
13,5414,35,1,0,,,2
13,5436,6,1,0,,,3
13,12,7,1,0,,,7
13,5490,13,1,0,,,2
13,5501,49,1,0,,,1
13,5613,52,1,0,,,3
13,5676,68,1,0,,,4
13,344,38,1,0,,,5
13,5813,50,1,0,,,2
13,5952,62,1,0,,,4
13,1011,35,1,0,,,2
13,935,62,1,0,,,5
13,6108,35,1,0,,,3
13,6111,30,1,0,,,3
13,6182,68,1,0,,,4
13,6250,7,1,0,,,7
13,6357,71,1,0,,,3
13,936,24,1,0,,,3
13,6426,24,1,0,,,3
13,954,14,1,0,,,7
13,905,62,1,0,,,5
13,939,87,1,0,,,3
13,6855,14,1,0,,,5
13,940,40,1,0,,,4
13,198,68,1,0,,,4
13,7083,50,1,0,,,2
13,7185,89,1,0,,,4
13,7194,89,1,0,,,3
13,7254,56,1,0,,,4
13,944,62,1,0,,,5
13,7318,50,1,0,,,3
13,945,70,1,0,,,4
13,7771,61,1,0,,,4
13,7792,38,1,0,,,5
13,7841,62,1,0,,,2
13,899,7,1,0,,,7
13,7961,14,1,0,,,4
13,949,14,1,0,,,5
13,8076,38,1,0,,,5
13,8088,56,1,0,,,4
13,950,52,1,0,,,3
13,8275,70,1,0,,,4
13,8291,52,1,0,,,2
14,4690,16,2,1,1,-,3
14,5542,16,2,1,1,-,2
14,876,7,2,1,1,-,4
14,5872,19,2,1,1,-,5
14,6894,66,2,1,1,-,4
14,7074,91,2,1,1,-,4
14,357,2,2,1,1,-,6
14,3168,7,1,1,1,-,3
14,3860,7,1,1,-,1,4
14,8339,24,1,1,1,-,2
14,1927,9,0,1,1,-,2
14,2256,87,0,1,1,-,2
14,3826,14,0,1,-,1,3
14,4778,34,0,1,-,1,3
14,6884,12,0,1,1,-,4
14,140,39,0,1,1,-,2
14,839,2,3,0,,,6
14,7307,7,3,0,,,5
14,2065,39,2,0,,,2
14,2124,7,2,0,,,4
14,2247,56,2,0,,,4
14,790,7,2,0,,,6
14,896,49,2,0,,,6
14,3888,22,2,0,,,4
14,3900,25,2,0,,,3
14,785,75,2,0,,,3
14,870,19,2,0,,,4
14,844,75,2,0,,,3
14,12,7,2,0,,,7
14,5461,25,2,0,,,4
14,5591,16,2,0,,,4
14,345,16,2,0,,,5
14,5920,12,2,0,,,2
14,6051,16,2,0,,,4
14,6139,16,2,0,,,5
14,6250,7,2,0,,,5
14,6285,16,2,0,,,3
14,6490,9,2,0,,,3
14,6523,89,2,0,,,4
14,7577,19,2,0,,,3
14,887,7,2,0,,,6
14,8352,34,2,0,,,2
14,8435,9,2,0,,,3
14,122,32,1,0,,,3
14,798,51,1,0,,,5
14,1774,22,1,0,,,4
14,1781,89,1,0,,,4
14,349,56,1,0,,,5
14,911,49,1,0,,,5
14,2246,2,1,0,,,7
14,842,19,1,0,,,5
14,803,12,1,0,,,4
14,2450,91,1,0,,,5
14,849,7,1,0,,,7
14,850,39,1,0,,,3
14,2778,38,1,0,,,4
14,2817,24,1,0,,,3
14,915,24,1,0,,,3
14,2829,19,1,0,,,5
14,2839,24,1,0,,,2
14,3065,56,1,0,,,6
14,780,12,1,0,,,4
14,3387,34,1,0,,,3
14,3609,56,1,0,,,7
14,927,89,1,0,,,4
14,859,56,1,0,,,7
14,3866,9,1,0,,,1
14,860,25,1,0,,,4
14,894,7,1,0,,,6
14,4057,89,1,0,,,4
14,863,19,1,0,,,5
14,4156,32,1,0,,,3
14,4232,22,1,0,,,4
14,4231,89,1,0,,,3
14,737,9,1,0,,,3
14,4339,34,1,0,,,3
14,864,24,1,0,,,2
14,4358,34,1,0,,,3
14,4503,25,1,0,,,4
14,4550,38,1,0,,,2
14,865,35,1,0,,,3
14,836,12,1,0,,,4
14,4658,19,1,0,,,5
14,4734,91,1,0,,,3
14,4792,87,1,0,,,3
14,868,66,1,0,,,4
14,4879,75,1,0,,,4
14,8,2,1,0,,,7
14,4886,19,1,0,,,5
14,4891,19,1,0,,,4
14,5151,24,1,0,,,1
14,5227,9,1,0,,,3
14,5328,75,1,0,,,3
14,5330,75,1,0,,,2
14,26,2,1,0,,,7
14,5570,12,1,0,,,4
14,5610,51,1,0,,,5
14,5624,35,1,0,,,2
14,5626,49,1,0,,,4
14,5632,35,1,0,,,3
14,5689,39,1,0,,,3
14,5867,51,1,0,,,5
14,5896,51,1,0,,,5
14,877,39,1,0,,,3
14,6126,81,1,0,,,3
14,6332,89,1,0,,,3
14,846,91,1,0,,,3
14,6430,49,1,0,,,6
14,6488,49,1,0,,,6
14,6524,22,1,0,,,4
14,6589,9,1,0,,,2
14,6621,89,1,0,,,1
14,879,87,1,0,,,3
14,6810,32,1,0,,,2
14,6846,9,1,0,,,1
14,6885,12,1,0,,,2
14,6923,38,1,0,,,4
14,942,7,1,0,,,5
14,7250,81,1,0,,,3
14,7289,7,1,0,,,2
14,7346,32,1,0,,,3
14,7390,7,1,0,,,7
14,343,19,1,0,,,5
14,7486,89,1,0,,,4
14,768,91,1,0,,,5
14,885,81,1,0,,,3
14,7747,81,1,0,,,2
14,7846,39,1,0,,,1
14,7951,66,1,0,,,4
14,8105,38,1,0,,,4
14,8155,91,1,0,,,5
14,8161,91,1,0,,,4
14,8264,39,1,0,,,3
14,8293,66,1,0,,,4
14,892,87,1,0,,,2
15,2871,39,1,1,-,1,3
15,792,62,1,1,-,1,4
15,7250,81,1,1,-,1,6
15,7747,81,1,1,1,-,5
15,2972,10,0,1,-,1,2
15,3499,10,0,1,1,-,1
15,3948,76,0,1,-,1,2
15,4991,13,0,1,-,1,5
15,5190,12,0,1,1,-,4
15,5992,38,0,1,1,-,3
15,6367,56,0,1,1,-,5
15,7470,16,0,1,1,-,2
15,7862,13,0,1,-,1,6
15,8124,75,0,1,1,-,1
15,8431,56,0,1,1,-,1
15,8317,13,4,0,,,6
15,1705,56,3,0,,,7
15,784,38,3,0,,,4
15,4436,13,3,0,,,6
15,8293,66,3,0,,,4
15,1519,38,2,0,,,5
15,1654,5,2,0,,,4
15,1774,22,2,0,,,3
15,56,5,2,0,,,3
15,348,81,2,0,,,7
15,2049,10,2,0,,,2
15,2552,7,2,0,,,4
15,2822,24,2,0,,,3
15,2949,56,2,0,,,6
15,781,81,2,0,,,5
15,3127,62,2,0,,,3
15,3375,1,2,0,,,3
15,3441,63,2,0,,,3
15,3607,38,2,0,,,5
15,734,62,2,0,,,3
15,4092,64,2,0,,,2
15,4139,39,2,0,,,3
15,4191,1,2,0,,,3
15,4410,51,2,0,,,2
15,4793,76,2,0,,,3
15,8,1,2,0,,,5
15,796,13,2,0,,,7
15,815,81,2,0,,,6
15,5582,12,2,0,,,6
15,5792,43,2,0,,,3
15,6039,61,2,0,,,2
15,6117,76,2,0,,,3
15,756,63,2,0,,,4
15,6592,51,2,0,,,3
15,6672,75,2,0,,,5
15,782,75,2,0,,,4
15,942,7,2,0,,,4
15,7277,75,2,0,,,4
15,347,13,2,0,,,7
15,7602,62,2,0,,,4
15,7609,82,2,0,,,3
15,888,22,2,0,,,3
15,8170,1,2,0,,,2
15,1498,5,1,0,,,4
15,718,63,1,0,,,4
15,1631,5,1,0,,,4
15,1632,5,1,0,,,2
15,786,14,1,0,,,3
15,1719,12,1,0,,,7
15,1730,43,1,0,,,1
15,788,63,1,0,,,4
15,1873,56,1,0,,,3
15,1999,61,1,0,,,3
15,789,56,1,0,,,7
15,838,13,1,0,,,7
15,18,7,1,0,,,4
15,2174,75,1,0,,,5
15,187,66,1,0,,,5
15,2293,64,1,0,,,3
15,802,13,1,0,,,4
15,2359,10,1,0,,,3
15,2364,14,1,0,,,2
15,2402,61,1,0,,,1
15,804,82,1,0,,,4
15,839,1,1,0,,,5
15,783,81,1,0,,,7
15,2561,12,1,0,,,3
15,850,39,1,0,,,4
15,2585,38,1,0,,,2
15,2603,62,1,0,,,4
15,790,7,1,0,,,3
15,2678,56,1,0,,,3
15,2748,7,1,0,,,4
15,2964,51,1,0,,,3
15,3041,61,1,0,,,3
15,3066,22,1,0,,,2
15,777,66,1,0,,,4
15,3284,39,1,0,,,4
15,791,75,1,0,,,5
15,780,12,1,0,,,7
15,3379,63,1,0,,,3
15,3399,61,1,0,,,3
15,3408,61,1,0,,,3
15,3412,61,1,0,,,2
15,3542,5,1,0,,,3
15,809,22,1,0,,,2
15,793,38,1,0,,,5
15,811,14,1,0,,,3
15,4078,1,1,0,,,5
15,4129,43,1,0,,,2
15,4228,82,1,0,,,4
15,4232,22,1,0,,,3
15,131,38,1,0,,,5
15,4305,82,1,0,,,4
15,4306,13,1,0,,,7
15,813,51,1,0,,,4
15,4392,81,1,0,,,7
15,4522,5,1,0,,,3
15,4574,64,1,0,,,1
15,794,66,1,0,,,5
15,836,12,1,0,,,7
15,814,38,1,0,,,4
15,4674,43,1,0,,,3
15,4675,16,1,0,,,3
15,4690,16,1,0,,,1
15,4710,43,1,0,,,2
15,663,76,1,0,,,3
15,4746,51,1,0,,,4
15,4760,51,1,0,,,2
15,4775,63,1,0,,,1
15,4787,76,1,0,,,2
15,4825,24,1,0,,,3
15,4865,13,1,0,,,6
15,795,82,1,0,,,3
15,4888,24,1,0,,,3
15,869,66,1,0,,,5
15,4897,1,1,0,,,5
15,743,13,1,0,,,7
15,5041,76,1,0,,,2
15,5071,39,1,0,,,4
15,5192,64,1,0,,,3
15,747,38,1,0,,,4
15,5328,75,1,0,,,5
15,5361,5,1,0,,,4
15,837,56,1,0,,,7
15,5432,43,1,0,,,1
15,818,56,1,0,,,6
15,5572,12,1,0,,,7
15,5591,16,1,0,,,2
15,5732,75,1,0,,,4
15,5735,13,1,0,,,7
15,819,81,1,0,,,5
15,750,1,1,0,,,4
15,820,61,1,0,,,1
15,6129,81,1,0,,,7
15,6190,63,1,0,,,4
15,6338,38,1,0,,,2
15,6397,75,1,0,,,2
15,6424,24,1,0,,,3
15,6439,82,1,0,,,4
15,759,75,1,0,,,5
15,6748,10,1,0,,,2
15,6797,62,1,0,,,2
15,6803,39,1,0,,,4
15,6831,7,1,0,,,4
15,6894,66,1,0,,,4
15,6898,10,1,0,,,3
15,6958,7,1,0,,,1
15,7142,61,1,0,,,2
15,85,14,1,0,,,4
15,7337,24,1,0,,,3
15,7359,56,1,0,,,6
15,829,13,1,0,,,7
15,7432,14,1,0,,,4
15,7471,16,1,0,,,1
15,7476,10,1,0,,,3
15,7478,64,1,0,,,1
15,7597,82,1,0,,,1
15,7710,16,1,0,,,3
15,7856,43,1,0,,,2
15,7923,66,1,0,,,4
15,7973,66,1,0,,,1
15,357,1,1,0,,,3
15,8198,14,1,0,,,4
15,833,66,1,0,,,3
15,8269,66,1,0,,,4
15,8343,13,1,0,,,5
15,8420,12,1,0,,,7
16,713,7,2,1,1,-,5
16,7470,16,2,1,1,-,3
16,723,40,1,1,1,-,5
16,6177,66,1,1,-,1,6
16,6594,80,1,1,1,-,1
16,6797,62,1,1,1,-,3
16,8231,30,1,1,1,-,3
16,35,40,1,1,1,-,5
16,1650,5,0,1,1,-,2
16,580,49,0,1,1,-,3
16,724,35,0,1,1,-,3
16,778,40,0,1,-,1,7
16,735,24,0,1,1,-,2
16,4675,16,0,1,1,-,2
16,709,66,0,1,1,-,4
16,5118,16,0,1,1,-,1
16,5831,30,0,1,1,-,1
16,6022,13,0,1,-,1,2
16,6413,62,0,1,1,-,3
16,6693,57,0,1,-,1,2
16,8056,14,0,1,1,-,1
16,8273,1,0,1,1,-,5
16,706,12,3,0,,,6
16,3159,40,3,0,,,6
16,7387,27,3,0,,,6
16,767,27,3,0,,,7
16,1719,12,2,0,,,6
16,641,68,2,0,,,3
16,1933,27,2,0,,,7
16,722,68,2,0,,,4
16,2280,27,2,0,,,7
16,44,62,2,0,,,4
16,2309,27,2,0,,,6
16,2561,12,2,0,,,6
16,2748,7,2,0,,,4
16,2782,61,2,0,,,2
16,2872,86,2,0,,,2
16,2887,30,2,0,,,5
16,2949,56,2,0,,,5
16,727,66,2,0,,,6
16,728,56,2,0,,,5
16,3632,75,2,0,,,3
16,4103,1,2,0,,,5
16,4181,1,2,0,,,5
16,4454,35,2,0,,,2
16,4636,12,2,0,,,7
16,5158,24,2,0,,,3
16,837,56,2,0,,,5
16,26,1,2,0,,,4
16,6012,58,2,0,,,2
16,6243,63,2,0,,,3
16,6244,63,2,0,,,3
16,6435,20,2,0,,,3
16,759,75,2,0,,,4
16,6672,75,2,0,,,4
16,213,80,2,0,,,3
16,177,64,2,0,,,4
16,763,30,2,0,,,5
16,6974,20,2,0,,,3
16,7179,22,2,0,,,2
16,7239,9,2,0,,,3
16,7454,27,2,0,,,6
16,7527,66,2,0,,,7
16,768,73,2,0,,,4
16,7705,1,2,0,,,4
16,7779,30,2,0,,,2
16,8106,20,2,0,,,3
16,1541,20,1,0,,,4
16,718,63,1,0,,,3
16,1589,38,1,0,,,2
16,1617,58,1,0,,,3
16,1636,5,1,0,,,3
16,54,5,1,0,,,3
16,1648,5,1,0,,,3
16,1654,5,1,0,,,2
16,1752,7,1,0,,,5
16,1805,38,1,0,,,3
16,1854,16,1,0,,,3
16,1909,22,1,0,,,3
16,577,7,1,0,,,5
16,720,68,1,0,,,4
16,2004,1,1,0,,,2
16,2012,13,1,0,,,2
16,2191,86,1,0,,,3
16,2223,64,1,0,,,4
16,2232,56,1,0,,,3
16,2238,22,1,0,,,3
16,2262,86,1,0,,,3
16,2364,14,1,0,,,3
16,2383,86,1,0,,,2
16,2515,57,1,0,,,3
16,649,49,1,0,,,4
16,624,56,1,0,,,5
16,2636,57,1,0,,,2
16,2643,62,1,0,,,2
16,776,68,1,0,,,4
16,2797,61,1,0,,,3
16,2821,24,1,0,,,2
16,2850,75,1,0,,,4
16,3020,53,1,0,,,3
16,3059,62,1,0,,,4
16,3064,57,1,0,,,2
16,3116,14,1,0,,,3
16,585,56,1,0,,,4
16,3173,56,1,0,,,5
16,3223,40,1,0,,,3
16,3246,73,1,0,,,4
16,3331,35,1,0,,,3
16,3379,63,1,0,,,1
16,3448,68,1,0,,,4
16,3493,20,1,0,,,4
16,3566,9,1,0,,,3
16,180,64,1,0,,,4
16,181,64,1,0,,,4
16,657,80,1,0,,,3
16,3716,20,1,0,,,4
16,3754,35,1,0,,,3
16,734,62,1,0,,,4
16,3839,86,1,0,,,3
16,4016,38,1,0,,,1
16,4032,40,1,0,,,6
16,169,61,1,0,,,3
16,4078,1,1,0,,,4
16,785,75,1,0,,,4
16,4186,39,1,0,,,3
16,736,30,1,0,,,5
16,173,62,1,0,,,4
16,4254,58,1,0,,,2
16,4274,30,1,0,,,5
16,4368,58,1,0,,,3
16,738,63,1,0,,,3
16,739,75,1,0,,,4
16,4376,13,1,0,,,3
16,4387,49,1,0,,,4
16,4402,16,1,0,,,2
16,4406,63,1,0,,,1
16,4420,80,1,0,,,3
16,4431,38,1,0,,,1
16,4436,13,1,0,,,3
16,4456,80,1,0,,,2
16,740,27,1,0,,,7
16,4541,1,1,0,,,3
16,794,66,1,0,,,6
16,4639,27,1,0,,,3
16,4717,40,1,0,,,4
16,742,38,1,0,,,3
16,4813,24,1,0,,,3
16,4843,24,1,0,,,3
16,4868,13,1,0,,,3
16,8,1,1,0,,,5
16,4889,24,1,0,,,3
16,5157,24,1,0,,,1
16,5190,12,1,0,,,7
16,5192,64,1,0,,,3
16,745,40,1,0,,,6
16,5408,57,1,0,,,2
16,5772,53,1,0,,,3
16,5785,73,1,0,,,2
16,5885,56,1,0,,,3
16,5957,75,1,0,,,4
16,5980,64,1,0,,,3
16,5992,38,1,0,,,2
16,6019,58,1,0,,,3
16,753,30,1,0,,,5
16,755,16,1,0,,,3
16,6192,80,1,0,,,3
16,6230,73,1,0,,,3
16,6299,62,1,0,,,2
16,714,62,1,0,,,3
16,6515,13,1,0,,,3
16,715,40,1,0,,,6
16,6582,73,1,0,,,4
16,6589,9,1,0,,,3
16,6668,39,1,0,,,2
16,114,27,1,0,,,5
16,6792,20,1,0,,,3
16,6832,39,1,0,,,3
16,6844,9,1,0,,,1
16,6847,66,1,0,,,4
16,703,39,1,0,,,3
16,6920,7,1,0,,,5
16,680,12,1,0,,,7
16,6971,68,1,0,,,3
16,705,20,1,0,,,4
16,7223,30,1,0,,,4
16,7229,30,1,0,,,5
16,765,49,1,0,,,4
16,7261,49,1,0,,,4
16,7263,66,1,0,,,4
16,7289,7,1,0,,,3
16,7300,38,1,0,,,3
16,7305,22,1,0,,,3
16,716,49,1,0,,,4
16,7384,7,1,0,,,5
16,226,86,1,0,,,3
16,7524,14,1,0,,,3
16,7534,73,1,0,,,3
16,7563,27,1,0,,,7
16,347,13,1,0,,,3
16,110,27,1,0,,,7
16,7699,20,1,0,,,4
16,770,66,1,0,,,3
16,771,9,1,0,,,3
16,8066,7,1,0,,,5
16,8082,14,1,0,,,2
16,571,40,1,0,,,2
16,8093,62,1,0,,,3
16,8120,7,1,0,,,4
16,8281,16,1,0,,,3
16,8310,58,1,0,,,3
16,8375,20,1,0,,,4
16,8379,53,1,0,,,3
16,8386,12,1,0,,,1
17,702,85,2,1,1,-,5
17,1544,68,1,1,1,-,4
17,644,71,1,1,-,1,3
17,652,77,1,1,1,-,3
17,16,12,1,1,1,-,5
17,618,56,1,1,-,1,4
17,790,7,0,1,1,-,0
17,2715,37,0,1,1,-,2
17,141,40,0,1,1,-,2
17,4558,71,0,1,1,-,3
17,174,62,0,1,1,-,4
17,6415,68,0,1,-,1,2
17,6785,1,0,1,-,1,5
17,7322,21,0,1,1,-,2
17,7612,16,0,1,-,1,2
17,7896,85,0,1,-,1,4
17,630,1,3,0,,,6
17,642,85,3,0,,,6
17,4771,85,3,0,,,7
17,1724,76,2,0,,,2
17,1937,85,2,0,,,2
17,2072,38,2,0,,,4
17,2235,39,2,0,,,2
17,624,56,2,0,,,3
17,2743,31,2,0,,,3
17,2858,77,2,0,,,4
17,2898,77,2,0,,,5
17,3022,77,2,0,,,5
17,655,77,2,0,,,4
17,3735,86,2,0,,,2
17,3785,89,2,0,,,3
17,4103,1,2,0,,,6
17,4186,39,2,0,,,4
17,4605,71,2,0,,,3
17,4719,37,2,0,,,3
17,4843,24,2,0,,,7
17,5544,39,2,0,,,3
17,5747,37,2,0,,,3
17,5822,80,2,0,,,3
17,6471,37,2,0,,,3
17,715,40,2,0,,,2
17,6668,39,2,0,,,5
17,6688,30,2,0,,,3
17,6995,89,2,0,,,2
17,7003,12,2,0,,,6
17,637,85,2,0,,,6
17,7458,76,2,0,,,3
17,7647,70,2,0,,,2
17,7778,58,2,0,,,4
17,7999,14,2,0,,,4
17,8412,1,2,0,,,5
17,1527,89,1,0,,,3
17,1583,39,1,0,,,3
17,97,24,1,0,,,7
17,1623,85,1,0,,,7
17,1670,5,1,0,,,3
17,1671,5,1,0,,,3
17,640,81,1,0,,,4
17,574,81,1,0,,,4
17,1752,7,1,0,,,1
17,641,68,1,0,,,4
17,1896,62,1,0,,,3
17,2016,86,1,0,,,3
17,2037,70,1,0,,,1
17,18,7,1,0,,,3
17,2130,1,1,0,,,1
17,2140,39,1,0,,,3
17,2263,77,1,0,,,3
17,44,62,1,0,,,4
17,2383,86,1,0,,,3
17,2554,68,1,0,,,4
17,2561,12,1,0,,,7
17,204,77,1,0,,,4
17,649,49,1,0,,,5
17,2613,68,1,0,,,4
17,725,68,1,0,,,3
17,2637,89,1,0,,,3
17,2643,62,1,0,,,4
17,2644,80,1,0,,,3
17,2695,25,1,0,,,3
17,2714,37,1,0,,,3
17,2717,25,1,0,,,3
17,2733,31,1,0,,,3
17,2735,24,1,0,,,4
17,2748,7,1,0,,,1
17,2816,24,1,0,,,6
17,651,37,1,0,,,3
17,2882,56,1,0,,,2
17,2888,49,1,0,,,5
17,3082,31,1,0,,,3
17,3095,38,1,0,,,4
17,115,31,1,0,,,3
17,3153,12,1,0,,,5
17,203,77,1,0,,,5
17,704,77,1,0,,,5
17,730,40,1,0,,,3
17,656,49,1,0,,,5
17,3634,51,1,0,,,4
17,3654,16,1,0,,,3
17,3684,68,1,0,,,2
17,3694,71,1,0,,,1
17,3702,39,1,0,,,5
17,588,1,1,0,,,7
17,734,62,1,0,,,1
17,3804,68,1,0,,,3
17,3825,16,1,0,,,3
17,3839,86,1,0,,,2
17,3849,12,1,0,,,7
17,591,25,1,0,,,3
17,3920,7,1,0,,,3
17,4018,31,1,0,,,3
17,4089,70,1,0,,,2
17,4182,30,1,0,,,2
17,736,30,1,0,,,4
17,173,62,1,0,,,3
17,658,49,1,0,,,5
17,131,38,1,0,,,4
17,700,24,1,0,,,7
17,163,58,1,0,,,4
17,4420,80,1,0,,,1
17,4474,81,1,0,,,4
17,661,1,1,0,,,3
17,222,86,1,0,,,3
17,4538,30,1,0,,,3
17,4541,1,1,0,,,7
17,4621,38,1,0,,,3
17,699,1,1,0,,,7
17,4675,16,1,0,,,3
17,118,31,1,0,,,2
17,4751,1,1,0,,,2
17,4795,76,1,0,,,3
17,4834,24,1,0,,,5
17,1,1,1,0,,,7
17,4958,27,1,0,,,3
17,4975,70,1,0,,,3
17,5013,70,1,0,,,3
17,5017,70,1,0,,,1
17,363,81,1,0,,,4
17,5118,16,1,0,,,3
17,5121,30,1,0,,,4
17,604,24,1,0,,,7
17,666,24,1,0,,,4
17,5158,24,1,0,,,2
17,5205,39,1,0,,,3
17,5214,21,1,0,,,3
17,5212,21,1,0,,,3
17,5213,21,1,0,,,3
17,5395,70,1,0,,,1
17,634,85,1,0,,,7
17,5476,25,1,0,,,3
17,5508,25,1,0,,,3
17,5595,51,1,0,,,2
17,210,80,1,0,,,3
17,5655,86,1,0,,,2
17,5665,89,1,0,,,1
17,5762,49,1,0,,,5
17,5794,58,1,0,,,4
17,5795,81,1,0,,,4
17,671,80,1,0,,,3
17,5842,56,1,0,,,1
17,5846,89,1,0,,,3
17,132,38,1,0,,,5
17,6013,58,1,0,,,4
17,752,58,1,0,,,1
17,608,1,1,0,,,6
17,212,80,1,0,,,2
17,6148,5,1,0,,,2
17,6196,80,1,0,,,3
17,6251,16,1,0,,,3
17,676,70,1,0,,,3
17,6403,56,1,0,,,4
17,98,24,1,0,,,7
17,6512,85,1,0,,,5
17,6546,62,1,0,,,4
17,6569,71,1,0,,,3
17,6607,76,1,0,,,2
17,6679,31,1,0,,,3
17,213,80,1,0,,,3
17,701,85,1,0,,,7
17,6838,51,1,0,,,2
17,703,39,1,0,,,4
17,680,12,1,0,,,6
17,681,89,1,0,,,3
17,7030,37,1,0,,,3
17,682,71,1,0,,,2
17,7149,7,1,0,,,3
17,764,30,1,0,,,3
17,683,68,1,0,,,4
17,684,1,1,0,,,7
17,765,49,1,0,,,5
17,7284,76,1,0,,,2
17,7288,76,1,0,,,1
17,685,24,1,0,,,7
17,7373,89,1,0,,,3
17,7384,7,1,0,,,2
17,7400,27,1,0,,,3
17,7431,76,1,0,,,2
17,7448,63,1,0,,,2
17,7457,25,1,0,,,3
17,7470,16,1,0,,,3
17,687,24,1,0,,,7
17,7537,51,1,0,,,4
17,688,85,1,0,,,7
17,7637,81,1,0,,,4
17,7711,68,1,0,,,1
17,7720,16,1,0,,,3
17,116,31,1,0,,,3
17,7749,77,1,0,,,1
17,7779,30,1,0,,,4
17,7793,27,1,0,,,3
17,365,30,1,0,,,4
17,7797,56,1,0,,,4
17,693,62,1,0,,,4
17,7830,86,1,0,,,3
17,694,38,1,0,,,4
17,7955,14,1,0,,,4
17,695,14,1,0,,,2
17,7986,14,1,0,,,2
17,8056,14,1,0,,,4
17,8083,62,1,0,,,4
17,351,56,1,0,,,4
17,8152,37,1,0,,,1
17,8218,63,1,0,,,2
17,8279,39,1,0,,,2
17,8281,16,1,0,,,3
17,8300,21,1,0,,,3
17,8316,21,1,0,,,2
17,102,24,1,0,,,7
17,620,56,1,0,,,4
17,8377,56,1,0,,,3
17,8423,27,1,0,,,1
17,8441,80,1,0,,,3
18,35,40,3,1,1,-,6
18,2951,71,2,1,-,1,5
18,143,42,2,1,-,1,3
18,1842,4,1,1,-,1,2
18,2393,66,1,1,-,1,4
18,516,56,1,1,1,-,3
18,584,71,1,1,-,1,4
18,3444,8,1,1,-,1,3
18,222,86,1,1,-,1,3
18,5309,81,1,1,-,1,4
18,5993,79,1,1,-,1,3
18,555,66,1,1,-,1,3
18,1490,83,0,1,-,1,2
18,3001,7,0,1,1,-,1
18,3275,26,0,1,-,1,1
18,4572,84,0,1,-,1,2
18,4776,79,0,1,1,-,2
18,5544,39,0,1,1,-,2
18,567,56,0,1,1,-,4
18,6543,62,0,1,-,1,2
18,6654,74,0,1,-,1,3
18,6668,39,0,1,-,1,2
18,486,49,0,1,1,-,4
18,7387,27,0,1,-,1,3
18,7400,27,0,1,-,1,3
18,7444,70,0,1,-,1,2
18,7893,74,0,1,1,-,2
18,8020,88,0,1,1,-,3
18,146,42,3,0,,,3
18,7096,40,3,0,,,7
18,620,56,3,0,,,6
18,1521,40,2,0,,,6
18,574,81,2,0,,,4
18,576,42,2,0,,,4
18,2370,1,2,0,,,6
18,2371,70,2,0,,,3
18,2383,86,2,0,,,3
18,2561,12,2,0,,,4
18,68,8,2,0,,,4
18,2592,56,2,0,,,5
18,3082,31,2,0,,,4
18,105,26,2,0,,,2
18,3492,42,2,0,,,3
18,588,1,2,0,,,6
18,631,56,2,0,,,6
18,3806,79,2,0,,,3
18,3984,8,2,0,,,4
18,4135,49,2,0,,,4
18,525,7,2,0,,,4
18,595,86,2,0,,,3
18,530,12,2,0,,,5
18,4935,79,2,0,,,2
18,4958,27,2,0,,,2
18,604,24,2,0,,,3
18,5251,4,2,0,,,3
18,5264,74,2,0,,,2
18,5360,53,2,0,,,3
18,5398,40,2,0,,,7
18,566,71,2,0,,,7
18,5476,25,2,0,,,3
18,174,62,2,0,,,4
18,5529,7,2,0,,,5
18,5711,1,2,0,,,6
18,5794,58,2,0,,,2
18,6068,53,2,0,,,2
18,6185,71,2,0,,,6
18,6224,1,2,0,,,4
18,6415,68,2,0,,,3
18,6569,71,2,0,,,6
18,547,38,2,0,,,3
18,627,71,2,0,,,6
18,6990,83,2,0,,,2
18,2,12,2,0,,,5
18,613,88,2,0,,,4
18,7097,40,2,0,,,3
18,7131,83,2,0,,,3
18,7477,7,2,0,,,4
18,7641,88,2,0,,,3
18,628,49,2,0,,,5
18,693,62,2,0,,,3
18,7864,27,2,0,,,3
18,7933,31,2,0,,,4
18,7952,66,2,0,,,3
18,8225,84,2,0,,,3
18,8387,4,2,0,,,3
18,1544,68,1,0,,,3
18,1554,42,1,0,,,4
18,1555,42,1,0,,,2
18,1557,83,1,0,,,3
18,562,12,1,0,,,4
18,97,24,1,0,,,3
18,1634,5,1,0,,,3
18,1638,5,1,0,,,2
18,54,5,1,0,,,3
18,1670,5,1,0,,,2
18,1704,38,1,0,,,2
18,640,81,1,0,,,4
18,575,8,1,0,,,4
18,1983,86,1,0,,,2
18,1992,83,1,0,,,2
18,2014,25,1,0,,,1
18,2038,70,1,0,,,3
18,630,1,1,0,,,5
18,579,82,1,0,,,4
18,2096,68,1,0,,,2
18,2119,70,1,0,,,3
18,2303,71,1,0,,,1
18,2304,42,1,0,,,3
18,2328,26,1,0,,,3
18,2538,82,1,0,,,4
18,581,7,1,0,,,5
18,2613,68,1,0,,,3
18,2650,49,1,0,,,4
18,2693,31,1,0,,,3
18,2699,62,1,0,,,2
18,2776,86,1,0,,,3
18,2788,86,1,0,,,1
18,2816,24,1,0,,,3
18,2948,71,1,0,,,1
18,352,7,1,0,,,4
18,583,49,1,0,,,4
18,2983,7,1,0,,,2
18,3003,8,1,0,,,4
18,3070,66,1,0,,,1
18,3120,82,1,0,,,4
18,3133,4,1,0,,,3
18,104,26,1,0,,,3
18,3247,82,1,0,,,3
18,3289,68,1,0,,,2
18,3301,79,1,0,,,1
18,3320,79,1,0,,,2
18,3324,79,1,0,,,3
18,3347,26,1,0,,,3
18,3443,12,1,0,,,3
18,3526,38,1,0,,,4
18,632,71,1,0,,,7
18,3660,25,1,0,,,2
18,587,62,1,0,,,4
18,565,82,1,0,,,4
18,522,1,1,0,,,6
18,523,49,1,0,,,5
18,590,12,1,0,,,1
18,157,53,1,0,,,2
18,591,25,1,0,,,3
18,3928,7,1,0,,,3
18,3927,25,1,0,,,3
18,3977,84,1,0,,,2
18,592,56,1,0,,,6
18,4000,74,1,0,,,3
18,4012,86,1,0,,,1
18,4081,86,1,0,,,3
18,4184,66,1,0,,,3
18,4255,84,1,0,,,2
18,4336,31,1,0,,,3
18,526,56,1,0,,,5
18,4481,4,1,0,,,3
18,4560,4,1,0,,,3
18,4595,84,1,0,,,2
18,4600,81,1,0,,,4
18,4651,53,1,0,,,3
18,4666,58,1,0,,,2
18,599,88,1,0,,,4
18,4723,5,1,0,,,3
18,4739,58,1,0,,,3
18,4753,26,1,0,,,2
18,4818,24,1,0,,,2
18,4822,24,1,0,,,2
18,4847,24,1,0,,,2
18,603,27,1,0,,,3
18,5008,79,1,0,,,3
18,5013,70,1,0,,,3
18,535,66,1,0,,,3
18,5078,49,1,0,,,5
18,363,81,1,0,,,4
18,5152,24,1,0,,,3
18,5205,39,1,0,,,2
18,5230,81,1,0,,,4
18,605,81,1,0,,,4
18,5310,12,1,0,,,5
18,5378,82,1,0,,,3
18,539,40,1,0,,,6
18,5415,83,1,0,,,3
18,5460,38,1,0,,,1
18,5554,66,1,0,,,3
18,119,31,1,0,,,4
18,5674,4,1,0,,,3
18,5686,42,1,0,,,4
18,5726,71,1,0,,,6
18,224,86,1,0,,,3
18,5812,42,1,0,,,2
18,5837,58,1,0,,,1
18,73,8,1,0,,,4
18,5861,31,1,0,,,4
18,6082,88,1,0,,,5
18,6181,68,1,0,,,3
18,609,71,1,0,,,2
18,6290,39,1,0,,,3
18,6291,66,1,0,,,4
18,6402,42,1,0,,,4
18,544,24,1,0,,,1
18,199,71,1,0,,,6
18,6462,71,1,0,,,3
18,6610,62,1,0,,,4
18,6648,27,1,0,,,3
18,353,1,1,0,,,7
18,6761,70,1,0,,,3
18,6865,38,1,0,,,1
18,703,39,1,0,,,3
18,612,40,1,0,,,7
18,626,71,1,0,,,7
18,189,66,1,0,,,3
18,505,12,1,0,,,4
18,6928,49,1,0,,,5
18,354,7,1,0,,,5
18,6945,62,1,0,,,1
18,9,71,1,0,,,6
18,568,74,1,0,,,3
18,7023,74,1,0,,,3
18,7123,62,1,0,,,4
18,7168,84,1,0,,,3
18,7188,58,1,0,,,3
18,614,7,1,0,,,3
18,560,1,1,0,,,7
18,615,82,1,0,,,3
18,7329,88,1,0,,,5
18,7335,42,1,0,,,4
18,7438,70,1,0,,,3
18,190,66,1,0,,,4
18,7457,25,1,0,,,3
18,7518,82,1,0,,,1
18,616,27,1,0,,,3
18,7534,79,1,0,,,3
18,7586,82,1,0,,,3
18,7684,58,1,0,,,3
18,7719,83,1,0,,,3
18,116,31,1,0,,,3
18,7741,53,1,0,,,3
18,7745,84,1,0,,,3
18,629,40,1,0,,,7
18,618,56,1,0,,,7
18,7830,86,1,0,,,3
18,7879,88,1,0,,,5
18,7894,25,1,0,,,3
18,7929,68,1,0,,,3
18,7968,66,1,0,,,3
18,571,40,1,0,,,7
18,8129,82,1,0,,,4
18,8227,82,1,0,,,4
18,8240,8,1,0,,,2
18,8308,82,1,0,,,3
18,8335,88,1,0,,,1
18,8345,84,1,0,,,3
18,8376,53,1,0,,,2
18,8403,70,1,0,,,3
18,623,62,1,0,,,4
18,8430,26,1,0,,,3
19,4184,66,1,1,-,1,7
19,598,12,1,1,1,-,4
19,5322,78,1,1,-,1,2
19,2154,82,0,1,1,-,1
19,68,8,0,1,1,-,2
19,2948,71,0,1,1,-,2
19,3496,20,0,1,-,1,1
19,3835,6,0,1,-,1,2
19,3958,40,0,1,1,-,2
19,4665,63,0,1,1,-,2
19,71,8,0,1,1,-,1
19,4799,80,0,1,1,-,2
19,1,1,0,1,-,1,5
19,5252,89,0,1,-,1,3
19,27,89,0,1,1,-,6
19,8305,6,0,1,-,1,3
19,2556,68,3,0,,,4
19,3078,66,3,0,,,6
19,7970,66,3,0,,,5
19,144,42,2,0,,,4
19,515,1,2,0,,,4
19,2642,20,2,0,,,3
19,2650,49,2,0,,,2
19,2780,39,2,0,,,4
19,3212,80,2,0,,,2
19,520,58,2,0,,,4
19,3590,20,2,0,,,2
19,3633,39,2,0,,,3
19,522,1,2,0,,,7
19,3713,89,2,0,,,5
19,4052,7,2,0,,,3
19,4579,49,2,0,,,4
19,4589,37,2,0,,,3
19,4622,62,2,0,,,3
19,4875,30,2,0,,,2
19,5061,6,2,0,,,3
19,5529,7,2,0,,,4
19,5588,16,2,0,,,3
19,5636,20,2,0,,,3
19,5686,42,2,0,,,4
19,73,8,2,0,,,2
19,19,1,2,0,,,6
19,5995,58,2,0,,,4
19,6071,65,2,0,,,3
19,6141,16,2,0,,,3
19,6229,63,2,0,,,3
19,6382,45,2,0,,,3
19,6534,89,2,0,,,7
19,6664,20,2,0,,,3
19,6787,12,2,0,,,4
19,189,66,2,0,,,5
19,7581,36,2,0,,,3
19,506,71,2,0,,,4
19,7825,40,2,0,,,2
19,7952,66,2,0,,,7
19,555,66,2,0,,,7
19,191,66,2,0,,,7
19,8324,6,2,0,,,3
19,1513,58,1,0,,,4
19,1521,40,1,0,,,2
19,1556,42,1,0,,,3
19,509,68,1,0,,,4
19,510,71,1,0,,,2
19,446,38,1,0,,,7
19,1765,39,1,0,,,4
19,1857,42,1,0,,,5
19,1869,1,1,0,,,1
19,1901,89,1,0,,,7
19,1986,63,1,0,,,1
19,579,82,1,0,,,3
19,2114,16,1,0,,,2
19,2140,39,1,0,,,1
19,2141,8,1,0,,,1
19,2196,82,1,0,,,3
19,511,30,1,0,,,3
19,512,37,1,0,,,3
19,2310,39,1,0,,,4
19,2332,7,1,0,,,2
19,2393,66,1,0,,,2
19,39,38,1,0,,,7
19,2555,89,1,0,,,2
19,2592,56,1,0,,,2
19,624,56,1,0,,,3
19,2618,38,1,0,,,7
19,2697,62,1,0,,,1
19,2729,37,1,0,,,3
19,2735,24,1,0,,,3
19,2769,45,1,0,,,3
19,2784,56,1,0,,,3
19,2808,24,1,0,,,4
19,2867,39,1,0,,,2
19,2885,71,1,0,,,4
19,3114,37,1,0,,,3
19,3145,26,1,0,,,2
19,3146,39,1,0,,,4
19,3178,40,1,0,,,3
19,3317,71,1,0,,,2
19,3330,36,1,0,,,4
19,3444,8,1,0,,,3
19,3458,63,1,0,,,3
19,3514,40,1,0,,,2
19,3544,65,1,0,,,3
19,3571,12,1,0,,,4
19,521,82,1,0,,,3
19,3683,62,1,0,,,4
19,3714,20,1,0,,,1
19,523,49,1,0,,,4
19,3986,82,1,0,,,3
19,4148,63,1,0,,,2
19,525,7,1,0,,,4
19,45,62,1,0,,,4
19,161,58,1,0,,,4
19,4288,23,1,0,,,3
19,504,38,1,0,,,6
19,4394,82,1,0,,,3
19,4437,78,1,0,,,3
19,4445,45,1,0,,,2
19,530,12,1,0,,,5
19,4736,43,1,0,,,3
19,470,1,1,0,,,7
19,4826,24,1,0,,,4
19,4834,24,1,0,,,3
19,4862,37,1,0,,,3
19,404,78,1,0,,,2
19,4909,37,1,0,,,2
19,533,36,1,0,,,2
19,5005,30,1,0,,,1
19,5019,36,1,0,,,3
19,535,66,1,0,,,7
19,5039,78,1,0,,,3
19,558,1,1,0,,,6
19,100,24,1,0,,,4
19,5249,65,1,0,,,3
19,5312,89,1,0,,,6
19,501,12,1,0,,,5
19,174,62,1,0,,,4
19,5533,80,1,0,,,3
19,5554,66,1,0,,,6
19,5562,58,1,0,,,4
19,5687,42,1,0,,,3
19,5721,12,1,0,,,5
19,541,20,1,0,,,3
19,5764,49,1,0,,,3
19,5875,68,1,0,,,5
19,5878,62,1,0,,,2
19,5933,36,1,0,,,4
19,6066,8,1,0,,,3
19,6134,78,1,0,,,2
19,6142,82,1,0,,,3
19,6291,66,1,0,,,1
19,23,7,1,0,,,3
19,482,1,1,0,,,7
19,6370,23,1,0,,,3
19,6402,42,1,0,,,5
19,483,43,1,0,,,2
19,6498,71,1,0,,,4
19,6503,36,1,0,,,3
19,6520,56,1,0,,,3
19,32,71,1,0,,,2
19,546,89,1,0,,,7
19,6603,80,1,0,,,3
19,6625,38,1,0,,,7
19,6688,30,1,0,,,3
19,547,38,1,0,,,7
19,548,56,1,0,,,1
19,6763,37,1,0,,,3
19,559,38,1,0,,,7
19,182,65,1,0,,,3
19,612,40,1,0,,,3
19,549,68,1,0,,,5
19,6945,62,1,0,,,4
19,9,71,1,0,,,4
19,487,43,1,0,,,3
19,683,68,1,0,,,5
19,7182,68,1,0,,,2
19,7204,42,1,0,,,5
19,560,1,1,0,,,7
19,7309,36,1,0,,,3
19,7419,36,1,0,,,4
19,7437,65,1,0,,,3
19,190,66,1,0,,,7
19,7473,30,1,0,,,3
19,7544,66,1,0,,,7
19,7606,20,1,0,,,2
19,7605,45,1,0,,,2
19,7610,78,1,0,,,2
19,7617,37,1,0,,,3
19,7677,42,1,0,,,3
19,7753,45,1,0,,,2
19,553,43,1,0,,,3
19,693,62,1,0,,,4
19,7870,45,1,0,,,2
19,7881,43,1,0,,,3
19,494,20,1,0,,,4
19,7939,8,1,0,,,3
19,7968,66,1,0,,,5
19,556,68,1,0,,,5
19,8078,89,1,0,,,5
19,8079,20,1,0,,,4
19,8080,78,1,0,,,3
19,500,36,1,0,,,4
19,8145,42,1,0,,,2
19,8208,36,1,0,,,3
19,8240,8,1,0,,,3
19,561,38,1,0,,,7
19,8308,82,1,0,,,2
19,8328,24,1,0,,,4
19,8413,82,1,0,,,3
19,622,78,1,0,,,3
19,8430,26,1,0,,,3
20,7933,31,1,1,1,-,3
20,3118,14,0,1,1,-,1
20,457,25,0,1,-,1,4
20,4736,43,0,1,-,1,3
20,474,56,0,1,1,-,3
20,6382,45,0,1,-,1,2
20,32,71,0,1,1,-,2
20,546,89,0,1,1,-,3
20,421,27,0,1,1,-,2
20,7467,16,0,1,1,-,2
20,40,12,3,0,,,6
20,1587,62,2,0,,,4
20,1720,14,2,0,,,4
20,449,56,2,0,,,3
20,2541,40,2,0,,,4
20,68,8,2,0,,,2
20,3075,66,2,0,,,3
20,3922,25,2,0,,,5
20,4312,1,2,0,,,7
20,466,66,2,0,,,3
20,69,8,2,0,,,3
20,5312,89,2,0,,,1
20,5318,12,2,0,,,6
20,174,62,2,0,,,4
20,5522,66,2,0,,,6
20,5660,20,2,0,,,4
20,146,42,2,0,,,2
20,425,7,2,0,,,6
20,560,1,2,0,,,6
20,7375,20,2,0,,,3
20,191,66,2,0,,,6
20,8028,62,2,0,,,3
20,8430,26,2,0,,,2
20,1538,25,1,0,,,2
20,1571,42,1,0,,,2
20,31,7,1,0,,,5
20,446,38,1,0,,,3
20,13,12,1,0,,,4
20,375,53,1,0,,,1
20,447,20,1,0,,,4
20,1901,89,1,0,,,4
20,448,22,1,0,,,5
20,1985,42,1,0,,,3
20,2060,26,1,0,,,3
20,2085,49,1,0,,,3
20,2144,39,1,0,,,3
20,2204,45,1,0,,,3
20,2215,6,1,0,,,3
20,2242,45,1,0,,,3
20,2254,11,1,0,,,3
20,2276,7,1,0,,,7
20,252,66,1,0,,,7
20,2389,6,1,0,,,3
20,2555,89,1,0,,,4
20,2558,6,1,0,,,0
20,2591,39,1,0,,,3
20,557,38,1,0,,,2
20,2927,27,1,0,,,3
20,2993,25,1,0,,,4
20,3040,12,1,0,,,1
20,3100,56,1,0,,,1
20,455,66,1,0,,,7
20,3143,14,1,0,,,2
20,518,7,1,0,,,3
20,33,7,1,0,,,5
20,3192,25,1,0,,,5
20,3202,26,1,0,,,3
20,3247,82,1,0,,,4
20,105,26,1,0,,,3
20,3371,27,1,0,,,1
20,3455,16,1,0,,,3
20,3463,31,1,0,,,3
20,3514,40,1,0,,,4
20,521,82,1,0,,,1
20,461,12,1,0,,,5
20,3777,7,1,0,,,7
20,3784,45,1,0,,,3
20,3792,89,1,0,,,1
20,3796,45,1,0,,,2
20,523,49,1,0,,,3
20,3837,6,1,0,,,3
20,396,89,1,0,,,3
20,3871,76,1,0,,,3
20,42,89,1,0,,,4
20,3931,39,1,0,,,3
20,3970,25,1,0,,,0
20,464,62,1,0,,,4
20,4003,22,1,0,,,3
20,63,6,1,0,,,4
20,4118,24,1,0,,,3
20,4150,58,1,0,,,3
20,84,14,1,0,,,5
20,4287,24,1,0,,,3
20,4333,12,1,0,,,6
20,4554,12,1,0,,,3
20,468,39,1,0,,,4
20,4627,12,1,0,,,7
20,531,26,1,0,,,3
20,470,1,1,0,,,5
20,4802,24,1,0,,,3
20,4911,76,1,0,,,3
20,4914,14,1,0,,,4
20,4923,58,1,0,,,2
20,472,24,1,0,,,3
20,4974,76,1,0,,,2
20,558,1,1,0,,,7
20,5072,49,1,0,,,3
20,5167,24,1,0,,,3
20,5302,27,1,0,,,3
20,5431,43,1,0,,,4
20,5529,7,1,0,,,7
20,477,40,1,0,,,5
20,5588,16,1,0,,,3
20,5642,11,1,0,,,2
20,5702,6,1,0,,,2
20,5761,8,1,0,,,1
20,5844,31,1,0,,,3
20,5878,62,1,0,,,4
20,5891,58,1,0,,,1
20,5915,71,1,0,,,3
20,5967,89,1,0,,,4
20,6035,25,1,0,,,5
20,6068,53,1,0,,,3
20,15,12,1,0,,,5
20,6163,16,1,0,,,2
20,6208,63,1,0,,,4
20,6279,63,1,0,,,4
20,443,12,1,0,,,7
20,6321,63,1,0,,,4
20,6380,45,1,0,,,1
20,483,43,1,0,,,4
20,6418,31,1,0,,,3
20,6528,71,1,0,,,3
20,6617,20,1,0,,,3
20,418,40,1,0,,,5
20,6756,42,1,0,,,3
20,420,27,1,0,,,3
20,6787,12,1,0,,,6
20,559,38,1,0,,,3
20,189,66,1,0,,,7
20,22,22,1,0,,,5
20,444,25,1,0,,,5
20,7135,16,1,0,,,2
20,551,43,1,0,,,4
20,487,43,1,0,,,4
20,488,43,1,0,,,2
20,7156,22,1,0,,,4
20,7326,76,1,0,,,3
20,7343,53,1,0,,,3
20,99,24,1,0,,,3
20,7506,11,1,0,,,3
20,7514,8,1,0,,,3
20,304,49,1,0,,,3
20,306,25,1,0,,,5
20,7741,53,1,0,,,3
20,7773,26,1,0,,,3
20,553,43,1,0,,,4
20,7894,25,1,0,,,4
20,21,31,1,0,,,3
20,431,14,1,0,,,5
20,8079,20,1,0,,,3
20,8187,42,1,0,,,1
20,8270,14,1,0,,,4
20,434,82,1,0,,,4
20,8329,22,1,0,,,4
20,8346,58,1,0,,,3
21,7156,22,1,1,1,-,3
21,2305,1,0,1,-,1,2
21,5086,82,0,1,1,-,3
21,7439,76,0,1,-,1,1
21,5111,81,3,0,,,4
21,1720,14,2,0,,,6
21,1802,67,2,0,,,2
21,2063,7,2,0,,,3
21,2100,22,2,0,,,3
21,2154,82,2,0,,,4
21,2216,89,2,0,,,5
21,254,12,2,0,,,4
21,2916,67,2,0,,,2
21,3398,61,2,0,,,3
21,395,76,2,0,,,4
21,4223,40,2,0,,,7
21,4229,62,2,0,,,4
21,4632,24,2,0,,,3
21,402,30,2,0,,,3
21,4700,40,2,0,,,7
21,5217,82,2,0,,,3
21,5333,81,2,0,,,4
21,409,49,2,0,,,7
21,111,27,2,0,,,6
21,5529,7,2,0,,,4
21,5557,78,2,0,,,3
21,477,40,2,0,,,5
21,6,40,2,0,,,7
21,412,14,2,0,,,5
21,242,78,2,0,,,3
21,5878,62,2,0,,,3
21,206,77,2,0,,,3
21,23,7,2,0,,,4
21,421,27,2,0,,,6
21,9,71,2,0,,,4
21,225,86,2,0,,,3
21,7218,82,2,0,,,3
21,431,14,2,0,,,6
21,8151,27,2,0,,,6
21,8178,49,2,0,,,5
21,435,30,2,0,,,3
21,1538,25,1,0,,,3
21,1543,7,1,0,,,1
21,1686,5,1,0,,,2
21,1770,62,1,0,,,4
21,1803,53,1,0,,,3
21,8449,61,1,0,,,3
21,375,53,1,0,,,3
21,1880,69,1,0,,,3
21,1907,22,1,0,,,4
21,1928,8,1,0,,,3
21,1976,67,1,0,,,2
21,1996,53,1,0,,,3
21,2010,22,1,0,,,3
21,2017,86,1,0,,,3
21,2058,63,1,0,,,3
21,2080,67,1,0,,,3
21,379,70,1,0,,,3
21,2153,8,1,0,,,3
21,2199,61,1,0,,,2
21,2400,61,1,0,,,3
21,2468,27,1,0,,,6
21,39,38,1,0,,,4
21,2580,25,1,0,,,2
21,453,25,1,0,,,2
21,2737,86,1,0,,,1
21,2863,81,1,0,,,5
21,2927,27,1,0,,,4
21,385,22,1,0,,,4
21,3015,61,1,0,,,3
21,3061,67,1,0,,,2
21,386,14,1,0,,,6
21,3129,30,1,0,,,4
21,3148,14,1,0,,,1
21,3348,53,1,0,,,3
21,3392,81,1,0,,,5
21,3410,61,1,0,,,3
21,3482,67,1,0,,,3
21,3530,12,1,0,,,4
21,390,22,1,0,,,4
21,3556,32,1,0,,,3
21,238,71,1,0,,,2
21,461,12,1,0,,,5
21,3631,12,1,0,,,2
21,393,54,1,0,,,3
21,3729,32,1,0,,,3
21,3757,62,1,0,,,4
21,3769,25,1,0,,,3
21,14,40,1,0,,,7
21,3877,67,1,0,,,3
21,397,76,1,0,,,4
21,3889,67,1,0,,,3
21,3941,70,1,0,,,2
21,464,62,1,0,,,4
21,277,71,1,0,,,4
21,398,69,1,0,,,3
21,4022,77,1,0,,,3
21,4024,81,1,0,,,2
21,4061,25,1,0,,,3
21,4087,53,1,0,,,3
21,4091,61,1,0,,,3
21,4101,54,1,0,,,2
21,4150,58,1,0,,,4
21,84,14,1,0,,,6
21,4178,32,1,0,,,3
21,280,49,1,0,,,5
21,442,1,1,0,,,2
21,4337,69,1,0,,,1
21,283,24,1,0,,,3
21,4362,63,1,0,,,3
21,164,58,1,0,,,4
21,4437,78,1,0,,,2
21,4461,53,1,0,,,3
21,69,8,1,0,,,3
21,4525,27,1,0,,,1
21,4740,58,1,0,,,4
21,4842,24,1,0,,,1
21,284,24,1,0,,,3
21,406,70,1,0,,,3
21,5038,76,1,0,,,5
21,5129,62,1,0,,,4
21,72,8,1,0,,,3
21,5153,24,1,0,,,3
21,5164,24,1,0,,,2
21,5167,24,1,0,,,3
21,407,49,1,0,,,6
21,5241,78,1,0,,,3
21,5259,49,1,0,,,4
21,5302,27,1,0,,,7
21,5400,58,1,0,,,1
21,410,7,1,0,,,3
21,5,7,1,0,,,4
21,293,78,1,0,,,3
21,5752,78,1,0,,,2
21,5761,8,1,0,,,3
21,5821,22,1,0,,,4
21,5854,24,1,0,,,2
21,5899,32,1,0,,,1
21,19,1,1,0,,,3
21,5987,77,1,0,,,2
21,15,12,1,0,,,5
21,6208,63,1,0,,,3
21,417,40,1,0,,,6
21,371,12,1,0,,,5
21,6625,38,1,0,,,4
21,6632,27,1,0,,,4
21,6638,27,1,0,,,3
21,418,40,1,0,,,6
21,6706,78,1,0,,,1
21,419,71,1,0,,,3
21,420,27,1,0,,,7
21,6904,8,1,0,,,3
21,22,22,1,0,,,3
21,6944,89,1,0,,,5
21,6968,8,1,0,,,3
21,425,7,1,0,,,3
21,7073,77,1,0,,,3
21,7091,54,1,0,,,3
21,7122,62,1,0,,,4
21,7174,77,1,0,,,3
21,216,82,1,0,,,4
21,7333,58,1,0,,,4
21,7343,53,1,0,,,1
21,7368,71,1,0,,,3
21,7407,30,1,0,,,4
21,7440,76,1,0,,,5
21,7442,71,1,0,,,3
21,99,24,1,0,,,3
21,372,49,1,0,,,7
21,7588,27,1,0,,,6
21,7675,7,1,0,,,4
21,7700,69,1,0,,,2
21,7724,67,1,0,,,2
21,7763,14,1,0,,,4
21,7789,40,1,0,,,5
21,7842,32,1,0,,,3
21,7852,63,1,0,,,3
21,432,27,1,0,,,6
21,433,25,1,0,,,1
21,8270,14,1,0,,,6
21,434,82,1,0,,,4
21,8348,69,1,0,,,3
21,8369,82,1,0,,,2
21,8427,76,1,0,,,5
