id_jugador_camiseta,id_jugador,id_mundial,numero
1,1,,11
2,3,,13
3,4,,17
4,6,,10
5,7,,10
6,8,,18
7,10,,9
8,12,,10
9,14,,9
10,15,,10
11,18,,9
12,19,,13
13,20,,21
14,21,,13
15,22,,10
16,23,,15
17,24,,13
18,25,,9
19,26,,18
20,27,,9
21,28,,9
22,29,,13
23,31,,16
24,34,,13
25,35,,10
26,36,,7
27,38,,10
28,40,,15
29,42,,3
30,43,,16
31,45,,14
32,47,,18
33,48,,11
34,49,,11
35,56,,6
36,57,,10
37,58,,15
38,59,,11
39,60,,7
40,61,,18
41,62,,13
42,63,,5
43,64,,11
44,65,,14
45,67,,9
46,68,,4
47,69,,15
48,70,,14
49,71,,10
50,72,,7
51,73,,3
52,74,,10
53,75,,9
54,77,,21
55,78,,9
56,79,,5
57,80,,9
58,81,,21
59,82,,11
60,84,,10
61,85,,8
62,89,,10
63,90,,19
64,91,,9
65,92,,13
66,93,,21
67,94,,20
68,95,,11
69,100,,17
70,101,,14
71,102,,6
72,103,,12
73,104,,15
74,105,,11
75,106,,10
76,108,,19
77,109,,4
78,111,,17
79,112,,9
80,113,,18
81,115,,11
82,117,,23
83,121,,10
84,122,,8
85,124,,8
86,125,,15
87,126,,10
88,128,,7
89,130,,9
90,136,,8
91,138,,20
92,139,,19
93,140,,11
94,141,,12
95,143,,3
96,145,,20
97,146,,11
98,147,,23
99,148,,4
100,149,,20
101,150,,10
102,151,,10
103,152,,20
104,154,,17
105,156,,16
106,157,,4
107,158,,2
108,159,,23
109,160,,10
110,162,,8
111,163,,5
112,164,,14
113,165,,9
114,166,,17
115,167,,19
116,168,,14
117,169,,9
118,170,,17
119,171,,6
120,172,,7
121,173,,15
122,174,,4
123,176,,19
124,177,,10
125,180,,17
126,181,,9
127,182,,4
128,183,,9
129,184,,10
130,185,,9
131,186,,16
132,189,,11
133,192,,23
134,193,,23
135,194,,11
136,195,,9
137,196,,8
138,197,,9
139,198,,8
140,199,,9
141,200,,12
142,201,,26
143,202,,18
144,203,,19
145,204,,7
146,205,,10
147,206,,19
148,207,,18
149,208,,22
150,209,,9
151,210,,17
152,211,,9
153,213,,19
154,214,,8
155,215,,18
156,216,,23
157,218,,16
158,219,,17
159,221,,10
160,222,,5
161,223,,3
162,224,,12
163,225,,13
164,226,,15
165,227,,9
166,229,,10
167,230,,9
168,231,,8
169,233,,9
170,235,,9
171,236,,10
172,237,,7
173,239,,9
174,240,,7
175,241,,15
176,242,,9
177,243,,11
178,244,,19
179,245,,14
180,246,,5
181,247,,18
182,249,,11
183,251,,22
184,253,,11
185,254,,5
186,255,,21
187,256,,24
188,258,,13
189,259,,6
190,260,,20
191,261,,21
192,263,,9
193,264,,19
194,265,,20
195,266,,15
196,267,,22
197,268,,11
198,269,,24
199,270,,20
200,271,,8
201,272,,4
202,273,,9
203,274,,10
204,275,,23
205,276,,7
206,277,,5
207,278,,21
208,279,,20
209,281,,22
210,282,,21
211,283,,11
212,285,,14
213,286,,12
214,287,,3
215,288,,14
216,289,,20
217,290,,25
218,291,,7
219,292,,20
220,293,,20
221,294,,26
222,295,,21
223,296,,18
224,297,,8
225,298,,7
226,299,,2
227,300,,16
228,301,,10
229,302,,14
230,303,,19
231,305,,8
232,306,,17
233,307,,3
234,308,,20
235,309,,18
236,310,,21
237,322,,8
238,323,,13
239,324,,9
240,325,,11
241,329,,8
242,331,,7
243,333,,10
244,334,,16
245,335,,13
246,336,,17
247,338,,11
248,341,,9
249,342,,19
250,343,,10
251,344,,21
252,345,,9
253,346,,9
254,347,,8
255,348,,19
256,349,,15
257,350,,11
258,351,,21
259,354,,18
260,355,,9
261,356,,6
262,359,,8
263,360,,16
264,362,,18
265,364,,11
266,365,,9
267,366,,23
268,367,,19
269,368,,22
270,369,,4
271,370,,7
272,371,,11
273,372,,5
274,373,,7
275,374,,20
276,375,,10
277,376,,17
278,377,,6
279,379,,5
280,380,,8
281,381,,13
282,383,,18
283,384,,22
284,385,,11
285,386,,7
286,387,,19
287,388,,15
288,390,,9
289,391,,8
290,392,,2
291,393,,11
292,394,,10
293,395,,8
294,397,,17
295,398,,9
296,399,,8
297,400,,22
298,402,,13
299,403,,10
300,406,,10
301,407,,7
302,408,,22
303,409,,6
304,410,,2
305,411,,14
306,412,,15
307,413,,11
308,414,,4
309,417,,2
310,419,,20
311,420,,7
312,422,,8
313,423,,11
314,424,,20
315,425,,16
316,426,,10
317,427,,20
318,428,,12
319,429,,5
320,430,,4
321,431,,5
322,432,,21
323,433,,19
324,434,,10
325,435,,20
326,436,,14
327,437,,1
328,439,,9
329,440,,4
330,442,,5
331,443,,11
332,444,,10
333,445,,7
334,446,,14
335,447,,20
336,448,,7
337,449,,9
338,450,,15
339,451,,11
340,452,,6
341,454,,13
342,457,,6
343,458,,11
344,459,,10
345,460,,18
346,463,,16
347,464,,18
348,465,,9
349,467,,9
350,468,,13
351,470,,6
352,471,,9
353,472,,13
354,473,,11
355,475,,13
356,476,,21
357,477,,14
358,478,,18
359,481,,17
360,483,,19
361,484,,19
362,485,,8
363,487,,7
364,488,,22
365,489,,9
366,490,,18
367,491,,9
368,492,,21
369,494,,10
370,495,,18
371,496,,11
372,497,,2
373,498,,20
374,499,,1
375,500,,11
376,501,,9
377,502,,7
378,506,,19
379,507,,12
380,508,,8
381,509,,21
382,511,,11
383,512,,10
384,514,,4
385,515,,19
386,516,,4
387,517,,19
388,519,,10
389,521,,16
390,522,,3
391,523,,4
392,524,,11
393,525,,6
394,527,,2
395,528,,8
396,529,,14
397,530,,4
398,531,,8
399,532,,20
400,533,,20
401,534,,8
402,536,,9
403,537,,9
404,540,,16
405,541,,20
406,542,,18
407,543,,9
408,544,,10
409,546,,16
410,547,,5
411,548,,18
412,549,,16
413,550,,19
414,551,,14
415,552,,11
416,553,,15
417,554,,15
418,556,,13
419,557,,1
420,558,,16
421,559,,15
422,560,,7
423,562,,7
424,563,,19
425,564,,19
426,565,,9
427,566,,18
428,567,,23
429,568,,10
430,569,,7
431,570,,9
432,571,,4
433,572,,9
434,573,,20
435,575,,15
436,576,,10
437,577,,2
438,578,,3
439,580,,7
440,581,,5
441,584,,20
442,586,,16
443,587,,17
444,589,,11
445,590,,16
446,591,,11
447,592,,3
448,593,,22
449,594,,19
450,595,,15
451,596,,20
452,597,,19
453,598,,23
454,599,,19
455,600,,8
456,601,,9
457,602,,14
458,603,,10
459,604,,14
460,605,,9
461,606,,17
462,607,,10
463,609,,21
464,610,,21
465,611,,11
466,613,,6
467,614,,7
468,615,,4
469,618,,10
470,619,,9
471,620,,19
472,623,,7
473,625,,22
474,628,,6
475,629,,15
476,630,,13
477,631,,8
478,632,,7
479,633,,10
480,634,,17
481,635,,9
482,636,,22
483,637,,11
484,638,,18
485,639,,17
486,640,,7
487,641,,2
488,642,,21
489,643,,11
490,644,,22
491,645,,20
492,646,,17
493,647,,12
494,648,,14
495,649,,2
496,651,,21
497,652,,15
498,653,,9
499,654,,5
500,655,,10
501,657,,7
502,659,,8
503,660,,18
504,661,,9
505,662,,16
506,664,,3
507,665,,9
508,666,,13
509,667,,2
510,668,,11
511,669,,10
512,670,,16
513,671,,12
514,672,,18
515,675,,5
516,676,,11
517,677,,12
518,678,,5
519,679,,20
520,680,,6
521,681,,6
522,682,,10
523,683,,9
524,684,,19
525,686,,9
526,687,,22
527,688,,9
528,689,,11
529,690,,8
530,691,,22
531,692,,9
532,693,,6
533,694,,17
534,695,,12
535,696,,10
536,697,,4
537,698,,14
538,699,,22
539,700,,20
540,701,,1
541,702,,5
542,703,,19
543,704,,11
544,705,,11
545,706,,5
546,709,,9
547,710,,13
548,711,,11
549,714,,9
550,715,,17
551,716,,9
552,717,,11
553,719,,14
554,720,,5
555,721,,13
556,722,,15
557,723,,5
558,724,,8
559,727,,16
560,728,,14
561,729,,6
562,730,,21
563,731,,16
564,732,,7
565,733,,9
566,734,,8
567,736,,6
568,739,,11
569,740,,17
570,742,,19
571,743,,7
572,745,,3
573,746,,7
574,747,,21
575,748,,11
576,749,,9
577,751,,18
578,753,,7
579,755,,6
580,756,,15
581,757,,18
582,759,,2
583,760,,4
584,762,,21
585,763,,3
586,766,,10
587,767,,13
588,768,,10
589,769,,20
590,770,,17
591,771,,9
592,772,,19
593,774,,12
594,775,,16
595,776,,1
596,778,,8
597,779,,4
598,781,,10
599,784,,15
600,785,,10
601,787,,14
602,788,,11
603,790,,8
604,792,,10
605,793,,7
606,795,,9
607,796,,9
608,797,,7
609,798,,9
610,799,,3
611,800,,11
612,801,,6
613,804,,6
614,805,,9
615,806,,11
616,807,,9
617,808,,19
618,809,,5
619,810,,7
620,811,,13
621,812,,9
622,813,,8
623,814,,19
624,815,,5
625,816,,8
626,817,,15
627,819,,18
628,820,,16
629,821,,7
630,822,,15
631,823,,10
632,826,,21
633,827,,11
634,828,,12
635,830,,8
636,831,,7
637,832,,17
638,833,,20
639,834,,9
640,835,,1
641,836,,2
642,837,,7
643,839,,3
644,840,,17
645,841,,18
646,842,,7
647,843,,6
648,844,,7
649,845,,7
650,846,,9
651,847,,15
652,848,,16
653,849,,7
654,850,,20
655,851,,14
656,853,,4
657,854,,11
658,855,,11
659,856,,18
660,857,,3
661,858,,19
662,859,,13
663,860,,4
664,861,,14
665,862,,10
666,863,,4
667,864,,9
668,865,,7
669,866,,3
670,867,,8
671,868,,12
672,869,,4
673,870,,9
674,871,,6
675,872,,7
676,873,,18
677,874,,16
678,876,,15
679,877,,16
680,878,,13
681,880,,17
682,881,,19
683,882,,14
684,884,,11
685,885,,15
686,887,,21
687,888,,10
688,889,,22
689,890,,14
690,891,,9
691,892,,17
692,893,,1
693,896,,19
694,897,,19
695,898,,10
696,900,,8
697,901,,19
698,902,,18
699,903,,13
700,904,,17
701,905,,3
702,907,,19
703,909,,7
704,910,,2
705,912,,11
706,913,,5
707,914,,6
708,916,,17
709,918,,10
710,919,,17
711,920,,6
712,921,,20
713,922,,19
714,923,,11
715,924,,9
716,925,,11
717,926,,15
718,929,,11
719,930,,8
720,931,,17
721,932,,7
722,933,,9
723,934,,6
724,935,,22
725,936,,10
726,937,,17
727,938,,8
728,940,,18
729,943,,7
730,944,,17
731,945,,11
732,946,,14
733,947,,9
734,948,,6
735,949,,18
736,951,,8
737,953,,1
738,954,,1
739,955,,14
740,958,,12
741,959,,10
742,960,,4
743,961,,11
744,962,,7
745,964,,8
746,966,,8
747,967,,8
748,968,,19
749,969,,11
750,971,,9
751,972,,19
752,974,,8
753,975,,16
754,978,,12
755,979,,5
756,980,,10
757,982,,3
758,983,,3
759,986,,3
760,987,,15
761,988,,10
762,989,,16
763,990,,16
764,992,,6
765,994,,9
766,995,,11
767,996,,19
768,997,,3
769,998,,10
770,999,,9
771,1001,,6
772,1003,,19
773,1004,,7
774,1005,,9
775,1006,,11
776,1007,,10
777,1008,,11
778,1009,,8
779,1010,,11
780,1011,,14
781,1012,,20
782,1013,,10
783,1014,,3
784,1016,,5
785,1017,,14
786,1018,,13
787,1020,,15
788,1021,,7
789,1022,,20
790,1023,,12
791,1024,,4
792,1025,,8
793,1027,,10
794,1028,,15
795,1032,,4
796,1033,,14
797,1035,,20
798,1036,,18
799,1037,,22
800,1040,,14
801,1042,,7
802,1043,,4
803,1045,,14
804,1046,,18
805,1048,,8
806,1049,,2
807,1050,,7
808,1051,,12
809,1052,,2
810,1053,,6
811,1054,,17
812,1056,,17
813,1057,,6
814,1059,,18
815,1060,,3
816,1061,,9
817,1062,,9
818,1063,,10
819,1065,,19
820,1066,,10
821,1067,,11
822,1068,,5
823,1069,,6
824,1070,,15
825,1071,,5
826,1072,,12
827,1076,,19
828,1077,,14
829,1078,,18
830,1079,,12
831,1080,,11
832,1081,,11
833,1083,,22
834,1084,,19
835,1085,,2
836,1086,,3
837,1087,,6
838,1088,,8
839,1090,,6
840,1091,,8
841,1093,,7
842,1094,,11
843,1095,,6
844,1097,,10
845,1098,,14
846,1099,,20
847,1100,,5
848,1101,,11
849,1102,,8
850,1103,,6
851,1104,,7
852,1105,,14
853,1106,,14
854,1108,,13
855,1111,,16
856,1112,,11
857,1113,,20
858,1114,,9
859,1115,,11
860,1116,,18
861,1117,,8
862,1119,,8
863,1120,,11
864,1121,,20
865,1122,,5
866,1123,,4
867,1124,,7
868,1125,,4
869,1126,,21
870,1127,,5
871,1129,,7
872,1130,,19
873,1131,,13
874,1132,,21
875,1135,,11
876,1138,,14
877,1139,,21
878,1140,,17
879,1141,,14
880,1142,,10
881,1143,,6
882,1144,,4
883,1145,,16
884,1147,,3
885,1150,,10
886,1151,,18
887,1152,,12
888,1152,,6
889,1153,,1
890,1154,,2
891,1156,,19
892,1158,,19
893,1160,,12
894,1162,,8
895,1163,,8
896,1164,,15
897,1165,,18
898,1166,,3
899,1168,,8
900,1169,,10
901,1170,,11
902,1172,,19
903,1173,,14
904,1174,,10
905,1175,,16
906,1176,,14
907,1177,,20
908,1178,,7
909,1179,,18
910,1180,,16
911,1181,,9
912,1183,,2
913,1184,,11
914,1185,,6
915,1186,,15
916,1188,,2
917,1191,,4
918,1192,,10
919,1193,,20
920,1194,,10
921,1198,,19
922,1200,,6
923,1201,,9
924,1202,,8
925,1203,,13
926,1206,,22
927,1207,,15
928,1208,,7
929,1209,,11
930,1210,,7
931,1211,,8
932,1212,,9
933,1213,,9
934,1214,,18
935,1215,,17
936,1216,,16
937,1217,,14
938,1219,,17
939,1220,,7
940,1222,,20
941,1223,,4
942,1226,,11
943,1227,,14
944,1228,,5
945,1229,,7
946,1230,,6
947,1231,,21
948,1233,,19
949,1234,,3
950,1237,,5
951,1238,,12
952,1239,,7
953,1240,,9
954,1241,,12
955,1242,,7
956,1243,,18
957,1244,,20
958,1246,,7
959,1247,,10
960,1249,,8
961,1250,,13
962,1251,,11
963,1253,,4
964,1255,,22
965,1256,,19
966,1257,,13
967,1258,,19
968,1259,,20
969,1260,,5
970,1261,,9
971,1262,,14
972,1263,,19
973,1264,,8
974,1266,,16
975,1267,,14
976,1268,,11
977,1269,,8
978,1271,,17
979,1273,,6
980,1274,,7
981,1275,,9
982,1276,,17
983,1277,,16
984,1278,,3
985,1279,,19
986,1280,,17
987,1281,,21
988,1283,,9
989,1284,,11
990,1286,,1
991,1287,,2
992,1288,,4
993,1289,,11
994,1290,,9
995,1292,,15
996,1293,,10
997,1294,,10
998,1295,,11
999,1296,,8
1000,1297,,9
1001,1298,,8
1002,1300,,7
1003,1301,,8
1004,1302,,7
1005,1303,,7
1006,1304,,11
1007,1305,,4
1008,1306,,19
1009,1307,,10
1010,1308,,19
1011,1309,,10
1012,1310,,9
1013,1311,,19
1014,1312,,9
1015,1313,,4
1016,1314,,21
1017,1315,,9
1018,1316,,17
1019,1317,,7
1020,1319,,9
1021,1320,,11
1022,1322,,17
1023,1323,,6
1024,1324,,8
1025,1325,,19
1026,1326,,7
1027,1327,,5
1028,1328,,15
1029,1330,,1
1030,1344,,15
1031,1346,,10
1032,1355,,20
1033,1356,,8
1034,1358,,7
1035,1359,,7
1036,1362,,21
1037,1368,,1
1038,1371,,4
1039,1372,,6
1040,1487,,21
1041,1488,,11
1042,1489,,17
1043,1490,,3
1044,1491,,13
1045,1492,,7
1046,1494,,12
1047,1495,,1
1048,1496,,13
1049,1497,,10
1050,1498,,13
1051,1499,,2
1052,1500,,19
1053,1501,,24
1054,1502,,20
1055,1503,,22
1056,1504,,21
1057,1505,,11
1058,1506,,9
1059,1507,,12
1060,1508,,9
1061,1509,,6
1062,1510,,1
1063,1511,,12
1064,1512,,22
1065,1513,,2
1066,1514,,1
1067,1515,,22
1068,1516,,14
1069,1517,,14
1070,1518,,3
1071,1519,,5
1072,1520,,21
1073,1521,,3
1074,1523,,11
1075,1524,,12
1076,1526,,15
1077,1527,,13
1078,1528,,12
1079,1529,,1
1080,1530,,12
1081,1531,,15
1082,1532,,3
1083,1533,,21
1084,1535,,21
1085,1536,,4
1086,1537,,10
1087,1538,,2
1088,1539,,23
1089,1540,,6
1090,1541,,8
1091,1543,,8
1092,1544,,10
1093,1545,,21
1094,1546,,16
1095,1547,,21
1096,1548,,10
1097,1550,,1
1098,1551,,5
1099,1552,,4
1100,1554,,18
1101,1555,,20
1102,1556,,19
1103,1557,,4
1104,1558,,3
1105,1559,,22
1106,1560,,18
1107,1561,,24
1108,1562,,18
1109,1563,,1
1110,1564,,12
1111,1565,,14
1112,1566,,17
1113,1568,,14
1114,1570,,20
1115,1571,,23
1116,1572,,11
1117,1576,,13
1118,1577,,16
1119,1578,,21
1120,1579,,15
1121,1580,,8
1122,1581,,22
1123,1582,,4
1124,1583,,12
1125,1584,,16
1126,1585,,5
1127,1586,,8
1128,1588,,12
1129,1589,,15
1130,1590,,20
1131,1592,,6
1132,1594,,10
1133,1595,,10
1134,1597,,13
1135,1598,,1
1136,1599,,8
1137,1600,,22
1138,1602,,1
1139,1603,,14
1140,1604,,19
1141,1605,,16
1142,1606,,15
1143,1607,,2
1144,1608,,3
1145,1609,,15
1146,1611,,23
1147,1612,,2
1148,1613,,5
1149,1614,,18
1150,1615,,9
1151,1616,,1
1152,1618,,12
1153,1619,,7
1154,1620,,16
1155,1621,,10
1156,1622,,18
1157,1623,,4
1158,1624,,10
1159,1625,,22
1160,1626,,18
1161,1627,,15
1162,1628,,8
1163,1629,,17
1164,1630,,15
1165,1631,,1
1166,1632,,2
1167,1633,,15
1168,1634,,17
1169,1636,,16
1170,1639,,11
1171,1640,,21
1172,1641,,19
1173,1642,,12
1174,1643,,11
1175,1644,,15
1176,1645,,23
1177,1646,,22
1178,1647,,6
1179,1648,,2
1180,1649,,19
1181,1650,,3
1182,1651,,11
1183,1652,,4
1184,1653,,5
1185,1654,,14
1186,1655,,4
1187,1656,,5
1188,1657,,22
1189,1658,,1
1190,1659,,21
1191,1660,,17
1192,1661,,7
1193,1662,,10
1194,1663,,1
1195,1664,,6
1196,1665,,17
1197,1666,,13
1198,1667,,17
1199,1668,,10
1200,1669,,1
1201,1670,,18
1202,1671,,20
1203,1672,,18
1204,1673,,20
1205,1674,,4
1206,1675,,22
1207,1676,,6
1208,1678,,9
1209,1679,,24
1210,1680,,2
1211,1681,,24
1212,1682,,20
1213,1683,,2
1214,1684,,15
1215,1685,,10
1216,1686,,17
1217,1687,,15
1218,1688,,11
1219,1689,,8
1220,1690,,1
1221,1691,,16
1222,1692,,21
1223,1693,,19
1224,1694,,16
1225,1696,,15
1226,1697,,10
1227,1698,,13
1228,1699,,8
1229,1700,,7
1230,1702,,17
1231,1706,,13
1232,1707,,2
1233,1708,,15
1234,1709,,3
1235,1712,,20
1236,1714,,2
1237,1716,,17
1238,1718,,18
1239,1719,,14
1240,1720,,2
1241,1721,,2
1242,1722,,18
1243,1724,,15
1244,1726,,20
1245,1727,,21
1246,1728,,6
1247,1729,,22
1248,1730,,16
1249,1731,,16
1250,1732,,23
1251,1733,,11
1252,1734,,15
1253,1735,,13
1254,1737,,19
1255,1738,,14
1256,1739,,12
1257,1740,,1
1258,1741,,12
1259,1742,,5
1260,1743,,21
1261,1745,,14
1262,1746,,2
1263,1747,,7
1264,1748,,13
1265,1749,,16
1266,1750,,16
1267,1751,,19
1268,1752,,5
1269,1754,,1
1270,1755,,6
1271,1756,,17
1272,1757,,15
1273,1758,,21
1274,1760,,4
1275,1761,,1
1276,1762,,12
1277,1764,,23
1278,1765,,17
1279,1766,,18
1280,1767,,25
1281,1768,,8
1282,1769,,17
1283,1773,,26
1284,1774,,14
1285,1776,,19
1286,1777,,16
1287,1778,,5
1288,1779,,12
1289,1780,,2
1290,1782,,4
1291,1785,,18
1292,1786,,15
1293,1787,,14
1294,1788,,16
1295,1790,,4
1296,1791,,18
1297,1792,,4
1298,1793,,5
1299,1794,,13
1300,1795,,3
1301,1796,,7
1302,1797,,14
1303,1798,,23
1304,1799,,11
1305,1800,,1
1306,1802,,2
1307,1803,,11
1308,1804,,14
1309,1805,,18
1310,1807,,15
1311,1809,,17
1312,1810,,7
1313,1811,,13
1314,1812,,1
1315,1813,,21
1316,1814,,17
1317,1815,,9
1318,1816,,16
1319,1818,,21
1320,1819,,2
1321,1821,,16
1322,1822,,14
1323,1823,,14
1324,1825,,14
1325,1827,,22
1326,1828,,5
1327,1831,,13
1328,1833,,3
1329,1834,,20
1330,1835,,3
1331,1837,,1
1332,1839,,4
1333,1840,,22
1334,1841,,21
1335,1842,,8
1336,1843,,4
1337,1844,,15
1338,1845,,19
1339,1848,,4
1340,1849,,15
1341,1850,,4
1342,1851,,22
1343,1852,,21
1344,1853,,21
1345,1854,,8
1346,1855,,2
1347,1856,,7
1348,1857,,6
1349,1860,,4
1350,1861,,9
1351,1862,,9
1352,1863,,13
1353,1864,,3
1354,1865,,19
1355,1866,,21
1356,1868,,2
1357,1869,,4
1358,1870,,16
1359,1871,,14
1360,1872,,11
1361,1873,,2
1362,1874,,7
1363,1875,,2
1364,1876,,19
1365,1877,,7
1366,1878,,14
1367,1879,,20
1368,1880,,23
1369,1881,,7
1370,1882,,3
1371,1884,,3
1372,1886,,1
1373,1887,,5
1374,1888,,2
1375,1889,,4
1376,1890,,1
1377,1891,,17
1378,1892,,4
1379,1894,,1
1380,1896,,21
1381,1897,,11
1382,1898,,16
1383,1899,,23
1384,1900,,2
1385,1901,,17
1386,1904,,4
1387,1905,,22
1388,1907,,4
1389,1910,,13
1390,1914,,15
1391,1915,,19
1392,1916,,14
1393,1917,,15
1394,1918,,16
1395,1920,,14
1396,1921,,13
1397,1922,,16
1398,1923,,15
1399,1925,,6
1400,1926,,2
1401,1927,,8
1402,1928,,17
1403,1929,,21
1404,1930,,8
1405,1931,,14
1406,1933,,7
1407,1934,,7
1408,1936,,12
1409,1937,,2
1410,1938,,25
1411,1939,,21
1412,1941,,19
1413,1942,,20
1414,1943,,2
1415,1945,,22
1416,1948,,22
1417,1949,,15
1418,1952,,1
1419,1953,,3
1420,1954,,20
1421,1955,,21
1422,1956,,7
1423,1958,,25
1424,1959,,1
1425,1961,,3
1426,1962,,12
1427,1964,,18
1428,1966,,12
1429,1967,,17
1430,1968,,17
1431,1969,,19
1432,1972,,6
1433,1974,,22
1434,1975,,20
1435,1976,,19
1436,1977,,20
1437,1978,,3
1438,1979,,3
1439,1981,,3
1440,1982,,2
1441,1983,,19
1442,1984,,17
1443,1986,,13
1444,1987,,17
1445,1988,,15
1446,1991,,15
1447,1992,,6
1448,1993,,16
1449,1994,,11
1450,1995,,1
1451,1996,,20
1452,1997,,14
1453,1998,,22
1454,2000,,13
1455,2001,,18
1456,2002,,3
1457,2003,,14
1458,2004,,14
1459,2006,,8
1460,2007,,15
1461,2008,,22
1462,2009,,11
1463,2011,,26
1464,2012,,19
1465,2013,,19
1466,2014,,17
1467,2017,,9
1468,2018,,14
1469,2019,,14
1470,2020,,15
1471,2021,,4
1472,2023,,7
1473,2024,,21
1474,2025,,6
1475,2026,,10
1476,2027,,18
1477,2028,,26
1478,2030,,13
1479,2031,,13
1480,2033,,22
1481,2034,,16
1482,2036,,3
1483,2037,,17
1484,2039,,15
1485,2040,,22
1486,2044,,17
1487,2045,,4
1488,2046,,14
1489,2047,,20
1490,2049,,22
1491,2050,,14
1492,2053,,18
1493,2056,,12
1494,2058,,6
1495,2059,,16
1496,2060,,22
1497,2061,,8
1498,2062,,11
1499,2063,,7
1500,2064,,1
1501,2065,,4
1502,2066,,3
1503,2067,,23
1504,2068,,22
1505,2069,,9
1506,2070,,2
1507,2071,,3
1508,2072,,8
1509,2074,,1
1510,2075,,7
1511,2076,,3
1512,2080,,8
1513,2081,,17
1514,2082,,11
1515,2083,,5
1516,2084,,3
1517,2085,,21
1518,2086,,5
1519,2088,,17
1520,2089,,15
1521,2091,,21
1522,2092,,11
1523,2093,,7
1524,2094,,21
1525,2095,,12
1526,2096,,8
1527,2097,,1
1528,2098,,8
1529,2099,,19
1530,2100,,5
1531,2101,,13
1532,2103,,14
1533,2105,,22
1534,2106,,18
1535,2107,,20
1536,2108,,22
1537,2110,,23
1538,2111,,21
1539,2112,,3
1540,2113,,11
1541,2114,,5
1542,2115,,13
1543,2117,,10
1544,2119,,4
1545,2121,,9
1546,2123,,6
1547,2124,,2
1548,2125,,1
1549,2126,,12
1550,2127,,2
1551,2128,,8
1552,2129,,4
1553,2130,,4
1554,2132,,22
1555,2133,,12
1556,2134,,21
1557,2135,,5
1558,2136,,8
1559,2137,,6
1560,2138,,1
1561,2139,,22
1562,2143,,21
1563,2144,,15
1564,2145,,17
1565,2146,,12
1566,2147,,6
1567,2148,,11
1568,2150,,15
1569,2152,,1
1570,2153,,16
1571,2155,,19
1572,2156,,1
1573,2157,,20
1574,2158,,16
1575,2159,,11
1576,2160,,3
1577,2161,,10
1578,2162,,20
1579,2163,,17
1580,2164,,4
1581,2165,,19
1582,2167,,25
1583,2168,,12
1584,2169,,13
1585,2170,,3
1586,2172,,14
1587,2174,,4
1588,2175,,13
1589,2176,,19
1590,2177,,14
1591,2178,,21
1592,2179,,11
1593,2181,,1
1594,2182,,18
1595,2183,,15
1596,2184,,1
1597,2185,,8
1598,2186,,17
1599,2187,,15
1600,2188,,17
1601,2189,,22
1602,2190,,18
1603,2191,,2
1604,2192,,2
1605,2193,,12
1606,2194,,15
1607,2195,,18
1608,2197,,3
1609,2198,,3
1610,2199,,5
1611,2200,,6
1612,2203,,6
1613,2204,,11
1614,2205,,23
1615,2206,,10
1616,2210,,17
1617,2211,,3
1618,2212,,9
1619,2213,,24
1620,2214,,22
1621,2215,,14
1622,2216,,6
1623,2218,,1
1624,2220,,6
1625,2221,,18
1626,2222,,14
1627,2224,,9
1628,2225,,20
1629,2226,,13
1630,2227,,21
1631,2229,,9
1632,2230,,11
1633,2231,,2
1634,2234,,7
1635,2236,,2
1636,2238,,5
1637,2239,,20
1638,2240,,21
1639,2241,,13
1640,2242,,5
1641,2243,,21
1642,2245,,12
1643,2246,,14
1644,2248,,16
1645,2249,,10
1646,2252,,11
1647,2253,,21
1648,2254,,7
1649,2255,,5
1650,2257,,12
1651,2258,,9
1652,2261,,13
1653,2263,,21
1654,2265,,12
1655,2266,,5
1656,2267,,3
1657,2268,,16
1658,2269,,12
1659,2270,,20
1660,2271,,8
1661,2272,,2
1662,2273,,6
1663,2274,,18
1664,2275,,8
1665,2278,,4
1666,2279,,13
1667,2280,,6
1668,2281,,7
1669,2282,,19
1670,2283,,6
1671,2284,,7
1672,2287,,4
1673,2288,,7
1674,2289,,19
1675,2291,,8
1676,2292,,4
1677,2293,,5
1678,2294,,6
1679,2297,,16
1680,2299,,8
1681,2300,,21
1682,2301,,21
1683,2302,,12
1684,2303,,15
1685,2304,,9
1686,2306,,17
1687,2307,,5
1688,2308,,22
1689,2309,,10
1690,2310,,3
1691,2311,,13
1692,2312,,3
1693,2313,,4
1694,2316,,15
1695,2317,,20
1696,2318,,22
1697,2319,,18
1698,2321,,15
1699,2323,,20
1700,2324,,18
1701,2325,,14
1702,2326,,19
1703,2327,,22
1704,2328,,3
1705,2330,,14
1706,2331,,7
1707,2332,,5
1708,2333,,6
1709,2334,,21
1710,2335,,23
1711,2336,,12
1712,2340,,12
1713,2341,,4
1714,2342,,1
1715,2344,,7
1716,2346,,14
1717,2347,,20
1718,2348,,11
1719,2352,,15
1720,2353,,2
1721,2354,,5
1722,2355,,4
1723,2357,,15
1724,2358,,20
1725,2359,,6
1726,2360,,9
1727,2361,,19
1728,2362,,18
1729,2363,,15
1730,2365,,12
1731,2367,,22
1732,2369,,14
1733,2370,,18
1734,2371,,1
1735,2372,,22
1736,2373,,14
1737,2375,,12
1738,2376,,22
1739,2377,,5
1740,2380,,5
1741,2381,,13
1742,2383,,13
1743,2385,,7
1744,2386,,8
1745,2387,,12
1746,2388,,17
1747,2389,,2
1748,2390,,20
1749,2391,,4
1750,2395,,2
1751,2396,,1
1752,2398,,20
1753,2400,,14
1754,2401,,5
1755,2402,,19
1756,2403,,6
1757,2404,,10
1758,2405,,20
1759,2406,,3
1760,2407,,10
1761,2408,,21
1762,2409,,18
1763,2410,,6
1764,2411,,13
1765,2412,,15
1766,2413,,17
1767,2414,,5
1768,2416,,14
1769,2422,,4
1770,2424,,3
1771,2425,,4
1772,2428,,1
1773,2429,,13
1774,2430,,9
1775,2431,,2
1776,2432,,4
1777,2433,,24
1778,2434,,4
1779,2435,,14
1780,2436,,23
1781,2438,,6
1782,2439,,14
1783,2440,,2
1784,2441,,5
1785,2447,,17
1786,2448,,17
1787,2449,,6
1788,2450,,7
1789,2451,,18
1790,2452,,22
1791,2453,,5
1792,2456,,3
1793,2457,,19
1794,2458,,21
1795,2459,,7
1796,2460,,10
1797,2461,,2
1798,2462,,21
1799,2463,,20
1800,2464,,8
1801,2466,,12
1802,2467,,23
1803,2469,,15
1804,2470,,22
1805,2472,,16
1806,2475,,6
1807,2476,,18
1808,2477,,22
1809,2479,,11
1810,2482,,6
1811,2485,,14
1812,2486,,17
1813,2487,,6
1814,2490,,11
1815,2491,,1
1816,2492,,23
1817,2493,,13
1818,2494,,2
1819,2495,,20
1820,2496,,21
1821,2497,,4
1822,2498,,8
1823,2499,,10
1824,2500,,18
1825,2502,,14
1826,2503,,17
1827,2504,,22
1828,2506,,12
1829,2511,,21
1830,2512,,21
1831,2513,,22
1832,2515,,18
1833,2516,,7
1834,2517,,17
1835,2519,,3
1836,2525,,13
1837,2527,,21
1838,2529,,2
1839,2530,,9
1840,2531,,15
1841,2532,,20
1842,2533,,3
1843,2535,,19
1844,2536,,14
1845,2537,,23
1846,2538,,7
1847,2539,,7
1848,2540,,24
1849,2541,,6
1850,2542,,22
1851,2543,,7
1852,2544,,18
1853,2545,,15
1854,2547,,15
1855,2549,,21
1856,2551,,12
1857,2552,,13
1858,2553,,13
1859,2555,,22
1860,2556,,15
1861,2557,,13
1862,2558,,17
1863,2559,,3
1864,2563,,11
1865,2564,,4
1866,2568,,12
1867,2569,,9
1868,2570,,4
1869,2571,,4
1870,2572,,12
1871,2573,,15
1872,2574,,6
1873,2576,,20
1874,2577,,6
1875,2579,,20
1876,2580,,15
1877,2583,,12
1878,2584,,9
1879,2585,,4
1880,2586,,9
1881,2587,,25
1882,2589,,23
1883,2590,,14
1884,2591,,20
1885,2592,,16
1886,2593,,3
1887,2594,,12
1888,2597,,21
1889,2598,,21
1890,2599,,19
1891,2601,,2
1892,2604,,1
1893,2606,,22
1894,2607,,20
1895,2608,,2
1896,2609,,6
1897,2611,,10
1898,2613,,20
1899,2615,,24
1900,2617,,18
1901,2618,,11
1902,2621,,21
1903,2623,,10
1904,2626,,19
1905,2627,,1
1906,2628,,16
1907,2629,,5
1908,2630,,23
1909,2631,,16
1910,2632,,16
1911,2634,,11
1912,2635,,7
1913,2636,,7
1914,2637,,1
1915,2638,,12
1916,2639,,12
1917,2641,,3
1918,2642,,6
1919,2644,,3
1920,2645,,16
1921,2646,,1
1922,2647,,21
1923,2648,,21
1924,2649,,17
1925,2651,,10
1926,2652,,11
1927,2653,,7
1928,2654,,23
1929,2655,,5
1930,2658,,1
1931,2659,,22
1932,2660,,22
1933,2661,,16
1934,2662,,20
1935,2663,,19
1936,2664,,18
1937,2667,,2
1938,2671,,21
1939,2672,,8
1940,2673,,9
1941,2676,,13
1942,2677,,2
1943,2678,,18
1944,2679,,10
1945,2680,,17
1946,2681,,14
1947,2682,,16
1948,2683,,21
1949,2684,,2
1950,2685,,21
1951,2686,,13
1952,2688,,22
1953,2690,,12
1954,2691,,2
1955,2692,,20
1956,2693,,14
1957,2694,,22
1958,2695,,22
1959,2696,,18
1960,2697,,8
1961,2699,,15
1962,2700,,22
1963,2701,,20
1964,2702,,21
1965,2704,,12
1966,2705,,22
1967,2707,,9
1968,2710,,20
1969,2712,,4
1970,2713,,1
1971,2714,,8
1972,2715,,20
1973,2716,,16
1974,2717,,10
1975,2719,,5
1976,2720,,1
1977,2721,,11
1978,2723,,13
1979,2726,,14
1980,2727,,9
1981,2729,,5
1982,2731,,5
1983,2733,,1
1984,2734,,11
1985,2736,,2
1986,2739,,2
1987,2740,,19
1988,2741,,13
1989,2743,,16
1990,2744,,14
1991,2745,,1
1992,2746,,16
1993,2749,,21
1994,2750,,22
1995,2751,,16
1996,2752,,16
1997,2755,,16
1998,2757,,20
1999,2758,,22
2000,2759,,9
2001,2760,,17
2002,2761,,5
2003,2764,,8
2004,2765,,6
2005,2766,,22
2006,2767,,13
2007,2768,,23
2008,2769,,2
2009,2770,,8
2010,2771,,13
2011,2772,,18
2012,2773,,3
2013,2774,,21
2014,2775,,14
2015,2776,,14
2016,2777,,16
2017,2781,,8
2018,2782,,8
2019,2783,,21
2020,2785,,20
2021,2786,,13
2022,2787,,14
2023,2788,,9
2024,2789,,19
2025,2790,,18
2026,2791,,21
2027,2793,,9
2028,2794,,21
2029,2795,,11
2030,2797,,18
2031,2798,,8
2032,2802,,1
2033,2803,,19
2034,2804,,15
2035,2805,,4
2036,2807,,23
2037,2808,,4
2038,2809,,8
2039,2810,,24
2040,2811,,12
2041,2812,,8
2042,2813,,14
2043,2814,,23
2044,2816,,4
2045,2817,,3
2046,2818,,19
2047,2820,,8
2048,2823,,18
2049,2824,,5
2050,2825,,7
2051,2827,,6
2052,2828,,16
2053,2829,,8
2054,2830,,5
2055,2831,,18
2056,2832,,16
2057,2833,,22
2058,2834,,21
2059,2835,,16
2060,2836,,15
2061,2837,,16
2062,2838,,14
2063,2839,,8
2064,2840,,2
2065,2842,,16
2066,2843,,11
2067,2844,,5
2068,2845,,13
2069,2846,,5
2070,2847,,1
2071,2849,,23
2072,2850,,13
2073,2852,,4
2074,2855,,9
2075,2856,,13
2076,2857,,11
2077,2858,,6
2078,2859,,9
2079,2860,,4
2080,2861,,22
2081,2863,,17
2082,2864,,4
2083,2865,,16
2084,2866,,20
2085,2867,,13
2086,2868,,20
2087,2869,,16
2088,2870,,8
2089,2871,,21
2090,2873,,15
2091,2874,,20
2092,2875,,1
2093,2876,,15
2094,2877,,22
2095,2878,,11
2096,2879,,16
2097,2880,,19
2098,2882,,4
2099,2884,,6
2100,2886,,13
2101,2887,,12
2102,2888,,3
2103,2889,,8
2104,2891,,9
2105,2892,,4
2106,2893,,4
2107,2895,,2
2108,2896,,21
2109,2897,,25
2110,2898,,17
2111,2899,,20
2112,2900,,20
2113,2902,,8
2114,2903,,18
2115,2904,,1
2116,2906,,13
2117,2907,,13
2118,2908,,15
2119,2909,,12
2120,2910,,7
2121,2911,,5
2122,2912,,5
2123,2913,,23
2124,2914,,15
2125,2916,,11
2126,2917,,21
2127,2918,,3
2128,2919,,21
2129,2920,,5
2130,2921,,11
2131,2922,,22
2132,2923,,19
2133,2924,,2
2134,2925,,1
2135,2927,,5
2136,2928,,15
2137,2929,,19
2138,2930,,21
2139,2931,,25
2140,2932,,12
2141,2933,,17
2142,2935,,22
2143,2936,,15
2144,2937,,15
2145,2938,,12
2146,2939,,13
2147,2941,,18
2148,2942,,22
2149,2944,,3
2150,2945,,22
2151,2947,,22
2152,2948,,4
2153,2950,,22
2154,2951,,6
2155,2952,,5
2156,2953,,12
2157,2954,,9
2158,2955,,23
2159,2957,,9
2160,2958,,12
2161,2959,,21
2162,2961,,2
2163,2962,,17
2164,2963,,18
2165,2964,,15
2166,2966,,21
2167,2967,,2
2168,2968,,13
2169,2969,,15
2170,2971,,3
2171,2972,,16
2172,2975,,16
2173,2976,,1
2174,2977,,14
2175,2978,,14
2176,2979,,5
2177,2981,,17
2178,2982,,14
2179,2983,,20
2180,2984,,17
2181,2985,,22
2182,2986,,17
2183,2988,,16
2184,2989,,18
2185,2992,,22
2186,2993,,22
2187,2994,,6
2188,2996,,4
2189,2997,,9
2190,2999,,17
2191,3000,,8
2192,3001,,17
2193,3002,,9
2194,3003,,5
2195,3004,,3
2196,3005,,25
2197,3006,,4
2198,3007,,2
2199,3008,,2
2200,3009,,5
2201,3010,,2
2202,3011,,12
2203,3012,,19
2204,3015,,4
2205,3016,,9
2206,3017,,14
2207,3018,,12
2208,3019,,19
2209,3020,,10
2210,3021,,13
2211,3022,,2
2212,3023,,15
2213,3024,,15
2214,3025,,16
2215,3026,,22
2216,3027,,9
2217,3029,,16
2218,3030,,2
2219,3031,,14
2220,3032,,22
2221,3033,,14
2222,3034,,22
2223,3037,,10
2224,3038,,12
2225,3039,,10
2226,3040,,13
2227,3041,,11
2228,3042,,13
2229,3043,,20
2230,3044,,4
2231,3046,,1
2232,3048,,16
2233,3049,,22
2234,3050,,20
2235,3051,,18
2236,3054,,7
2237,3055,,3
2238,3056,,6
2239,3057,,21
2240,3058,,4
2241,3059,,5
2242,3060,,14
2243,3061,,15
2244,3062,,13
2245,3063,,13
2246,3064,,3
2247,3065,,4
2248,3066,,7
2249,3070,,15
2250,3075,,8
2251,3077,,9
2252,3079,,22
2253,3080,,2
2254,3081,,7
2255,3082,,4
2256,3083,,7
2257,3084,,14
2258,3085,,3
2259,3087,,3
2260,3088,,3
2261,3089,,6
2262,3090,,22
2263,3091,,19
2264,3092,,11
2265,3094,,7
2266,3095,,11
2267,3096,,15
2268,3097,,14
2269,3098,,15
2270,3099,,15
2271,3100,,2
2272,3101,,13
2273,3102,,16
2274,3103,,14
2275,3105,,1
2276,3107,,20
2277,3110,,21
2278,3111,,14
2279,3112,,26
2280,3113,,2
2281,3114,,14
2282,3115,,15
2283,3118,,16
2284,3119,,14
2285,3120,,23
2286,3121,,2
2287,3122,,4
2288,3124,,21
2289,3125,,18
2290,3127,,14
2291,3129,,8
2292,3131,,13
2293,3133,,21
2294,3134,,12
2295,3135,,21
2296,3136,,5
2297,3138,,2
2298,3140,,17
2299,3141,,18
2300,3143,,19
2301,3144,,11
2302,3145,,20
2303,3146,,15
2304,3150,,11
2305,3151,,20
2306,3152,,13
2307,3155,,7
2308,3156,,16
2309,3157,,19
2310,3158,,16
2311,3159,,7
2312,3160,,8
2313,3161,,10
2314,3162,,2
2315,3163,,18
2316,3164,,17
2317,3165,,9
2318,3166,,4
2319,3167,,22
2320,3168,,9
2321,3169,,12
2322,3170,,10
2323,3171,,8
2324,3172,,14
2325,3175,,16
2326,3177,,6
2327,3178,,19
2328,3180,,22
2329,3181,,1
2330,3182,,16
2331,3183,,18
2332,3185,,15
2333,3186,,13
2334,3188,,18
2335,3190,,16
2336,3191,,10
2337,3192,,15
2338,3193,,21
2339,3194,,18
2340,3195,,13
2341,3197,,6
2342,3198,,21
2343,3199,,22
2344,3201,,12
2345,3202,,20
2346,3204,,1
2347,3205,,19
2348,3207,,19
2349,3208,,3
2350,3209,,7
2351,3210,,17
2352,3211,,15
2353,3212,,13
2354,3213,,14
2355,3214,,5
2356,3215,,3
2357,3216,,17
2358,3217,,8
2359,3218,,8
2360,3219,,5
2361,3220,,5
2362,3221,,4
2363,3222,,14
2364,3223,,13
2365,3224,,4
2366,3225,,9
2367,3226,,17
2368,3227,,13
2369,3228,,3
2370,3229,,10
2371,3230,,13
2372,3231,,1
2373,3233,,21
2374,3234,,4
2375,3236,,18
2376,3237,,11
2377,3238,,19
2378,3239,,4
2379,3240,,23
2380,3242,,18
2381,3243,,14
2382,3244,,11
2383,3245,,12
2384,3246,,3
2385,3248,,5
2386,3249,,23
2387,3250,,21
2388,3252,,2
2389,3253,,4
2390,3254,,8
2391,3257,,6
2392,3258,,2
2393,3259,,19
2394,3260,,12
2395,3261,,15
2396,3262,,25
2397,3263,,22
2398,3264,,12
2399,3265,,19
2400,3266,,6
2401,3267,,4
2402,3268,,19
2403,3269,,19
2404,3270,,8
2405,3271,,22
2406,3272,,6
2407,3274,,12
2408,3275,,17
2409,3278,,3
2410,3280,,22
2411,3281,,11
2412,3282,,13
2413,3283,,5
2414,3284,,5
2415,3285,,15
2416,3286,,17
2417,3288,,6
2418,3289,,19
2419,3290,,10
2420,3291,,9
2421,3292,,16
2422,3295,,7
2423,3296,,7
2424,3297,,20
2425,3298,,3
2426,3299,,20
2427,3300,,16
2428,3301,,3
2429,3303,,6
2430,3304,,1
2431,3305,,2
2432,3307,,22
2433,3308,,15
2434,3309,,12
2435,3310,,2
2436,3311,,17
2437,3312,,2
2438,3313,,4
2439,3314,,6
2440,3315,,9
2441,3316,,5
2442,3317,,5
2443,3319,,1
2444,3320,,15
2445,3321,,17
2446,3323,,3
2447,3324,,4
2448,3325,,15
2449,3326,,22
2450,3327,,15
2451,3328,,22
2452,3330,,16
2453,3332,,2
2454,3333,,15
2455,3334,,21
2456,3335,,20
2457,3336,,21
2458,3337,,23
2459,3340,,21
2460,3341,,3
2461,3342,,2
2462,3343,,4
2463,3345,,21
2464,3346,,24
2465,3347,,21
2466,3348,,9
2467,3349,,21
2468,3350,,5
2469,3351,,6
2470,3352,,7
2471,3353,,8
2472,3354,,3
2473,3355,,21
2474,3358,,11
2475,3359,,6
2476,3360,,23
2477,3361,,13
2478,3362,,20
2479,3363,,11
2480,3365,,21
2481,3366,,13
2482,3367,,2
2483,3368,,22
2484,3369,,19
2485,3370,,1
2486,3371,,22
2487,3372,,11
2488,3373,,14
2489,3374,,14
2490,3375,,20
2491,3376,,22
2492,3377,,10
2493,3378,,13
2494,3380,,8
2495,3381,,6
2496,3382,,1
2497,3383,,13
2498,3384,,12
2499,3385,,15
2500,3387,,19
2501,3391,,19
2502,3392,,8
2503,3393,,4
2504,3394,,19
2505,3395,,18
2506,3396,,16
2507,3397,,22
2508,3398,,8
2509,3399,,15
2510,3400,,22
2511,3401,,4
2512,3402,,1
2513,3403,,22
2514,3404,,10
2515,3406,,15
2516,3407,,21
2517,3408,,3
2518,3409,,9
2519,3410,,12
2520,3411,,20
2521,3413,,23
2522,3414,,11
2523,3415,,18
2524,3416,,1
2525,3417,,11
2526,3418,,1
2527,3420,,23
2528,3421,,15
2529,3422,,18
2530,3423,,3
2531,3424,,2
2532,3425,,23
2533,3427,,17
2534,3428,,18
2535,3429,,7
2536,3430,,17
2537,3431,,17
2538,3432,,3
2539,3433,,17
2540,3434,,14
2541,3435,,1
2542,3436,,20
2543,3437,,4
2544,3438,,14
2545,3439,,19
2546,3440,,10
2547,3441,,19
2548,3442,,9
2549,3444,,7
2550,3446,,19
2551,3447,,16
2552,3448,,16
2553,3449,,6
2554,3450,,20
2555,3451,,22
2556,3452,,17
2557,3453,,17
2558,3454,,9
2559,3455,,18
2560,3456,,3
2561,3457,,12
2562,3459,,14
2563,3460,,16
2564,3461,,3
2565,3462,,20
2566,3463,,3
2567,3464,,19
2568,3465,,6
2569,3466,,2
2570,3470,,2
2571,3471,,12
2572,3472,,8
2573,3473,,5
2574,3474,,5
2575,3475,,20
2576,3476,,7
2577,3477,,23
2578,3479,,2
2579,3480,,19
2580,3481,,18
2581,3482,,4
2582,3483,,22
2583,3484,,1
2584,3485,,15
2585,3486,,7
2586,3488,,15
2587,3489,,17
2588,3491,,2
2589,3493,,20
2590,3494,,17
2591,3495,,7
2592,3496,,13
2593,3497,,11
2594,3498,,7
2595,3499,,10
2596,3501,,8
2597,3502,,21
2598,3503,,22
2599,3504,,20
2600,3505,,17
2601,3506,,15
2602,3507,,7
2603,3508,,17
2604,3509,,17
2605,3511,,22
2606,3513,,16
2607,3515,,15
2608,3516,,20
2609,3518,,6
2610,3519,,1
2611,3520,,13
2612,3521,,16
2613,3522,,11
2614,3523,,8
2615,3524,,22
2616,3525,,15
2617,3527,,13
2618,3528,,7
2619,3529,,4
2620,3530,,22
2621,3531,,5
2622,3532,,18
2623,3533,,7
2624,3535,,22
2625,3536,,19
2626,3537,,9
2627,3538,,20
2628,3539,,2
2629,3540,,20
2630,3541,,11
2631,3542,,20
2632,3543,,20
2633,3544,,14
2634,3545,,5
2635,3546,,12
2636,3547,,18
2637,3548,,9
2638,3549,,10
2639,3550,,16
2640,3552,,19
2641,3553,,3
2642,3554,,19
2643,3555,,16
2644,3556,,7
2645,3557,,25
2646,3561,,12
2647,3562,,6
2648,3564,,12
2649,3565,,21
2650,3566,,5
2651,3567,,22
2652,3568,,12
2653,3569,,18
2654,3571,,5
2655,3572,,1
2656,3573,,14
2657,3574,,21
2658,3575,,19
2659,3576,,8
2660,3577,,9
2661,3578,,2
2662,3579,,4
2663,3580,,20
2664,3581,,13
2665,3583,,13
2666,3584,,17
2667,3585,,12
2668,3586,,22
2669,3587,,14
2670,3588,,20
2671,3590,,14
2672,3592,,1
2673,3593,,21
2674,3594,,10
2675,3595,,5
2676,3597,,5
2677,3599,,6
2678,3600,,5
2679,3601,,16
2680,3602,,7
2681,3603,,9
2682,3605,,8
2683,3607,,2
2684,3609,,6
2685,3610,,21
2686,3611,,12
2687,3612,,22
2688,3613,,18
2689,3614,,1
2690,3615,,21
2691,3616,,19
2692,3617,,3
2693,3618,,18
2694,3619,,11
2695,3620,,3
2696,3621,,12
2697,3623,,19
2698,3625,,7
2699,3627,,10
2700,3628,,3
2701,3629,,19
2702,3630,,23
2703,3631,,6
2704,3632,,18
2705,3633,,20
2706,3634,,2
2707,3635,,15
2708,3637,,1
2709,3638,,15
2710,3639,,5
2711,3640,,9
2712,3641,,10
2713,3642,,21
2714,3643,,13
2715,3647,,20
2716,3648,,6
2717,3649,,15
2718,3652,,22
2719,3653,,5
2720,3654,,17
2721,3655,,5
2722,3656,,4
2723,3657,,13
2724,3658,,7
2725,3659,,19
2726,3660,,6
2727,3661,,7
2728,3662,,15
2729,3663,,6
2730,3664,,15
2731,3665,,17
2732,3666,,4
2733,3667,,13
2734,3668,,22
2735,3669,,14
2736,3671,,13
2737,3672,,6
2738,3674,,17
2739,3675,,9
2740,3676,,2
2741,3677,,18
2742,3678,,1
2743,3679,,12
2744,3680,,17
2745,3681,,11
2746,3682,,21
2747,3684,,17
2748,3685,,12
2749,3686,,10
2750,3687,,8
2751,3688,,2
2752,3689,,21
2753,3690,,24
2754,3693,,8
2755,3694,,18
2756,3696,,8
2757,3697,,20
2758,3699,,15
2759,3701,,3
2760,3704,,19
2761,3705,,22
2762,3707,,22
2763,3708,,13
2764,3709,,26
2765,3710,,5
2766,3711,,13
2767,3712,,21
2768,3713,,4
2769,3714,,2
2770,3715,,5
2771,3716,,3
2772,3717,,19
2773,3718,,7
2774,3719,,15
2775,3720,,20
2776,3721,,11
2777,3723,,21
2778,3724,,22
2779,3726,,10
2780,3727,,25
2781,3728,,4
2782,3729,,2
2783,3730,,4
2784,3732,,2
2785,3735,,8
2786,3736,,20
2787,3737,,18
2788,3739,,5
2789,3740,,12
2790,3742,,14
2791,3743,,4
2792,3745,,19
2793,3747,,18
2794,3748,,4
2795,3749,,5
2796,3750,,1
2797,3751,,17
2798,3754,,7
2799,3755,,26
2800,3757,,23
2801,3758,,20
2802,3759,,5
2803,3760,,17
2804,3763,,1
2805,3766,,8
2806,3767,,23
2807,3769,,16
2808,3770,,19
2809,3771,,21
2810,3772,,3
2811,3773,,13
2812,3774,,1
2813,3775,,6
2814,3776,,8
2815,3777,,2
2816,3778,,12
2817,3781,,3
2818,3782,,6
2819,3783,,11
2820,3784,,14
2821,3785,,5
2822,3787,,19
2823,3788,,2
2824,3791,,15
2825,3792,,5
2826,3793,,14
2827,3794,,13
2828,3795,,2
2829,3796,,19
2830,3799,,4
2831,3800,,21
2832,3801,,4
2833,3802,,3
2834,3803,,15
2835,3806,,6
2836,3808,,2
2837,3809,,8
2838,3810,,16
2839,3811,,22
2840,3812,,1
2841,3813,,12
2842,3814,,5
2843,3815,,17
2844,3816,,21
2845,3817,,21
2846,3819,,15
2847,3820,,14
2848,3824,,19
2849,3825,,8
2850,3826,,2
2851,3828,,5
2852,3829,,1
2853,3830,,4
2854,3831,,9
2855,3832,,5
2856,3833,,14
2857,3834,,11
2858,3835,,9
2859,3836,,1
2860,3837,,9
2861,3838,,14
2862,3839,,10
2863,3840,,17
2864,3841,,3
2865,3842,,3
2866,3843,,4
2867,3845,,15
2868,3846,,14
2869,3847,,11
2870,3848,,18
2871,3850,,11
2872,3851,,17
2873,3853,,22
2874,3854,,13
2875,3855,,13
2876,3857,,7
2877,3859,,19
2878,3860,,14
2879,3861,,1
2880,3862,,17
2881,3863,,20
2882,3864,,6
2883,3865,,9
2884,3866,,19
2885,3867,,13
2886,3868,,15
2887,3869,,17
2888,3870,,13
2889,3871,,8
2890,3872,,12
2891,3873,,16
2892,3874,,22
2893,3877,,20
2894,3879,,6
2895,3880,,17
2896,3882,,12
2897,3883,,9
2898,3884,,18
2899,3885,,17
2900,3886,,14
2901,3887,,12
2902,3889,,6
2903,3890,,3
2904,3893,,9
2905,3895,,21
2906,3896,,14
2907,3897,,8
2908,3898,,23
2909,3899,,18
2910,3900,,12
2911,3901,,23
2912,3903,,14
2913,3904,,5
2914,3906,,13
2915,3909,,21
2916,3910,,5
2917,3911,,15
2918,3912,,13
2919,3913,,12
2920,3916,,20
2921,3919,,22
2922,3920,,18
2923,3921,,16
2924,3922,,3
2925,3923,,18
2926,3924,,11
2927,3927,,12
2928,3928,,22
2929,3929,,15
2930,3931,,3
2931,3932,,13
2932,3933,,17
2933,3936,,5
2934,3937,,21
2935,3938,,8
2936,3939,,23
2937,3941,,6
2938,3942,,12
2939,3943,,1
2940,3946,,14
2941,3947,,19
2942,3949,,22
2943,3950,,8
2944,3952,,16
2945,3953,,10
2946,3954,,12
2947,3955,,8
2948,3957,,21
2949,3958,,8
2950,3959,,18
2951,3961,,21
2952,3963,,22
2953,3964,,10
2954,3965,,15
2955,3966,,23
2956,3967,,19
2957,3970,,13
2958,3973,,15
2959,3975,,20
2960,3976,,7
2961,3977,,8
2962,3978,,3
2963,3979,,8
2964,3980,,12
2965,3982,,13
2966,3983,,12
2967,3984,,13
2968,3985,,19
2969,3986,,13
2970,3987,,19
2971,3990,,5
2972,3993,,9
2973,3995,,8
2974,3996,,11
2975,3997,,2
2976,4000,,2
2977,4001,,17
2978,4002,,2
2979,4003,,13
2980,4005,,8
2981,4006,,16
2982,4007,,8
2983,4008,,4
2984,4009,,7
2985,4010,,17
2986,4011,,17
2987,4012,,7
2988,4013,,2
2989,4014,,6
2990,4016,,8
2991,4017,,9
2992,4018,,6
2993,4019,,20
2994,4021,,1
2995,4022,,5
2996,4023,,26
2997,4024,,11
2998,4025,,7
2999,4026,,15
3000,4027,,10
3001,4028,,9
3002,4029,,17
3003,4031,,19
3004,4032,,9
3005,4033,,1
3006,4034,,22
3007,4035,,25
3008,4036,,22
3009,4037,,17
3010,4038,,2
3011,4039,,20
3012,4041,,9
3013,4042,,14
3014,4043,,14
3015,4045,,5
3016,4047,,2
3017,4048,,10
3018,4051,,16
3019,4052,,17
3020,4053,,22
3021,4055,,14
3022,4056,,14
3023,4057,,2
3024,4058,,21
3025,4060,,12
3026,4061,,20
3027,4062,,14
3028,4063,,1
3029,4064,,10
3030,4066,,8
3031,4067,,14
3032,4068,,7
3033,4069,,21
3034,4072,,5
3035,4073,,11
3036,4074,,6
3037,4075,,3
3038,4076,,5
3039,4077,,21
3040,4079,,4
3041,4081,,3
3042,4082,,12
3043,4083,,8
3044,4084,,13
3045,4086,,20
3046,4087,,3
3047,4088,,21
3048,4089,,6
3049,4090,,17
3050,4091,,2
3051,4092,,18
3052,4093,,16
3053,4094,,19
3054,4096,,22
3055,4098,,1
3056,4099,,2
3057,4101,,20
3058,4102,,10
3059,4104,,17
3060,4105,,9
3061,4106,,8
3062,4107,,18
3063,4108,,21
3064,4109,,16
3065,4110,,21
3066,4111,,9
3067,4112,,14
3068,4113,,1
3069,4114,,17
3070,4115,,11
3071,4116,,14
3072,4117,,12
3073,4118,,14
3074,4120,,12
3075,4121,,1
3076,4122,,9
3077,4123,,12
3078,4124,,15
3079,4125,,5
3080,4128,,13
3081,4129,,17
3082,4130,,10
3083,4131,,3
3084,4132,,13
3085,4133,,16
3086,4134,,17
3087,4137,,18
3088,4139,,6
3089,4140,,13
3090,4141,,21
3091,4142,,19
3092,4144,,3
3093,4146,,5
3094,4148,,15
3095,4149,,1
3096,4150,,17
3097,4151,,15
3098,4152,,9
3099,4153,,19
3100,4154,,3
3101,4155,,9
3102,4156,,2
3103,4157,,21
3104,4158,,13
3105,4159,,21
3106,4162,,9
3107,4163,,6
3108,4164,,6
3109,4166,,22
3110,4167,,14
3111,4168,,23
3112,4169,,5
3113,4170,,3
3114,4171,,10
3115,4172,,16
3116,4173,,12
3117,4174,,19
3118,4175,,3
3119,4177,,1
3120,4178,,6
3121,4179,,14
3122,4181,,3
3123,4182,,5
3124,4183,,18
3125,4185,,1
3126,4186,,2
3127,4187,,14
3128,4188,,4
3129,4190,,1
3130,4191,,5
3131,4193,,8
3132,4194,,19
3133,4195,,16
3134,4196,,5
3135,4199,,15
3136,4201,,20
3137,4202,,3
3138,4203,,15
3139,4204,,16
3140,4206,,20
3141,4208,,5
3142,4209,,1
3143,4210,,18
3144,4211,,21
3145,4214,,8
3146,4216,,25
3147,4217,,16
3148,4218,,9
3149,4221,,19
3150,4222,,19
3151,4223,,21
3152,4224,,12
3153,4225,,22
3154,4226,,18
3155,4227,,23
3156,4228,,4
3157,4230,,23
3158,4231,,4
3159,4232,,4
3160,4234,,18
3161,4235,,22
3162,4236,,5
3163,4237,,8
3164,4238,,2
3165,4239,,2
3166,4240,,11
3167,4241,,7
3168,4242,,20
3169,4243,,12
3170,4244,,16
3171,4245,,19
3172,4246,,12
3173,4247,,1
3174,4249,,9
3175,4250,,23
3176,4251,,15
3177,4252,,15
3178,4253,,3
3179,4254,,22
3180,4255,,1
3181,4256,,15
3182,4258,,7
3183,4259,,13
3184,4260,,12
3185,4261,,9
3186,4264,,10
3187,4265,,18
3188,4267,,20
3189,4269,,18
3190,4270,,18
3191,4272,,19
3192,4274,,4
3193,4275,,22
3194,4276,,10
3195,4277,,23
3196,4278,,11
3197,4279,,20
3198,4280,,16
3199,4283,,13
3200,4284,,5
3201,4285,,14
3202,4286,,1
3203,4287,,20
3204,4288,,10
3205,4289,,18
3206,4290,,22
3207,4291,,3
3208,4292,,12
3209,4294,,7
3210,4295,,13
3211,4296,,17
3212,4297,,11
3213,4298,,5
3214,4299,,5
3215,4300,,12
3216,4301,,10
3217,4302,,24
3218,4303,,4
3219,4304,,19
3220,4305,,2
3221,4306,,5
3222,4307,,22
3223,4308,,8
3224,4309,,15
3225,4310,,1
3226,4312,,4
3227,4314,,13
3228,4315,,16
3229,4316,,14
3230,4317,,14
3231,4319,,15
3232,4320,,21
3233,4321,,10
3234,4323,,10
3235,4326,,6
3236,4327,,16
3237,4329,,13
3238,4330,,14
3239,4333,,7
3240,4334,,18
3241,4335,,18
3242,4336,,3
3243,4337,,7
3244,4338,,15
3245,4339,,12
3246,4340,,6
3247,4341,,13
3248,4342,,18
3249,4343,,4
3250,4344,,4
3251,4345,,6
3252,4346,,6
3253,4347,,16
3254,4348,,16
3255,4349,,3
3256,4350,,2
3257,4351,,3
3258,4353,,14
3259,4354,,12
3260,4355,,5
3261,4356,,10
3262,4357,,2
3263,4358,,15
3264,4359,,17
3265,4360,,22
3266,4361,,10
3267,4362,,2
3268,4363,,17
3269,4364,,2
3270,4365,,9
3271,4366,,4
3272,4367,,16
3273,4368,,4
3274,4370,,14
3275,4371,,7
3276,4373,,6
3277,4374,,24
3278,4375,,9
3279,4376,,11
3280,4377,,15
3281,4378,,22
3282,4379,,1
3283,4380,,2
3284,4381,,6
3285,4382,,21
3286,4383,,22
3287,4384,,17
3288,4385,,20
3289,4386,,22
3290,4387,,4
3291,4388,,19
3292,4390,,20
3293,4391,,5
3294,4394,,8
3295,4395,,19
3296,4396,,20
3297,4397,,22
3298,4398,,19
3299,4399,,22
3300,4400,,16
3301,4401,,21
3302,4402,,18
3303,4404,,1
3304,4405,,16
3305,4407,,20
3306,4408,,2
3307,4409,,22
3308,4410,,2
3309,4411,,12
3310,4414,,18
3311,4415,,21
3312,4416,,7
3313,4417,,4
3314,4419,,5
3315,4421,,21
3316,4422,,7
3317,4423,,4
3318,4425,,16
3319,4426,,26
3320,4427,,14
3321,4428,,7
3322,4429,,15
3323,4430,,21
3324,4431,,14
3325,4433,,12
3326,4434,,20
3327,4435,,18
3328,4436,,3
3329,4437,,6
3330,4438,,19
3331,4439,,1
3332,4440,,22
3333,4441,,23
3334,4442,,13
3335,4444,,18
3336,4446,,20
3337,4447,,21
3338,4448,,13
3339,4450,,20
3340,4451,,26
3341,4453,,21
3342,4454,,10
3343,4455,,7
3344,4456,,4
3345,4457,,6
3346,4460,,6
3347,4461,,9
3348,4462,,17
3349,4463,,16
3350,4464,,16
3351,4465,,14
3352,4466,,18
3353,4467,,12
3354,4468,,26
3355,4470,,15
3356,4471,,17
3357,4472,,14
3358,4473,,11
3359,4474,,15
3360,4476,,2
3361,4477,,14
3362,4478,,25
3363,4479,,2
3364,4480,,7
3365,4481,,3
3366,4482,,20
3367,4483,,22
3368,4484,,15
3369,4485,,18
3370,4486,,5
3371,4488,,18
3372,4490,,20
3373,4491,,16
3374,4493,,6
3375,4494,,7
3376,4495,,6
3377,4496,,18
3378,4497,,21
3379,4499,,18
3380,4500,,11
3381,4502,,22
3382,4503,,11
3383,4504,,11
3384,4505,,18
3385,4506,,18
3386,4507,,11
3387,4509,,2
3388,4510,,14
3389,4511,,26
3390,4513,,21
3391,4514,,19
3392,4516,,2
3393,4518,,19
3394,4519,,12
3395,4520,,9
3396,4521,,20
3397,4522,,16
3398,4523,,5
3399,4524,,3
3400,4525,,13
3401,4526,,1
3402,4527,,9
3403,4528,,9
3404,4529,,21
3405,4530,,11
3406,4531,,18
3407,4532,,17
3408,4533,,18
3409,4534,,1
3410,4535,,14
3411,4536,,7
3412,4537,,7
3413,4538,,12
3414,4539,,19
3415,4540,,25
3416,4543,,2
3417,4544,,1
3418,4545,,20
3419,4546,,19
3420,4547,,22
3421,4548,,19
3422,4549,,17
3423,4550,,3
3424,4551,,13
3425,4552,,19
3426,4553,,13
3427,4554,,21
3428,4556,,18
3429,4558,,8
3430,4559,,2
3431,4560,,1
3432,4562,,8
3433,4563,,21
3434,4565,,17
3435,4566,,17
3436,4568,,9
3437,4570,,5
3438,4572,,3
3439,4573,,14
3440,4574,,3
3441,4575,,3
3442,4576,,9
3443,4577,,9
3444,4578,,23
3445,4579,,2
3446,4580,,25
3447,4582,,12
3448,4583,,2
3449,4584,,11
3450,4585,,17
3451,4586,,7
3452,4587,,15
3453,4588,,4
3454,4589,,13
3455,4590,,11
3456,4592,,11
3457,4593,,13
3458,4594,,12
3459,4595,,15
3460,4596,,16
3461,4597,,9
3462,4598,,8
3463,4599,,10
3464,4600,,18
3465,4602,,2
3466,4604,,13
3467,4605,,2
3468,4606,,12
3469,4607,,19
3470,4608,,16
3471,4609,,21
3472,4610,,3
3473,4611,,22
3474,4612,,1
3475,4613,,17
3476,4615,,14
3477,4616,,3
3478,4618,,8
3479,4619,,14
3480,4620,,5
3481,4621,,3
3482,4622,,16
3483,4623,,7
3484,4624,,10
3485,4625,,11
3486,4626,,19
3487,4627,,22
3488,4630,,3
3489,4632,,15
3490,4633,,5
3491,4634,,14
3492,4635,,19
3493,4636,,4
3494,4637,,14
3495,4638,,22
3496,4639,,21
3497,4640,,5
3498,4641,,9
3499,4642,,19
3500,4643,,4
3501,4644,,6
3502,4645,,18
3503,4646,,3
3504,4647,,14
3505,4648,,3
3506,4651,,13
3507,4653,,15
3508,4654,,4
3509,4655,,20
3510,4656,,6
3511,4657,,21
3512,4658,,3
3513,4659,,21
3514,4661,,2
3515,4662,,12
3516,4663,,11
3517,4664,,15
3518,4665,,14
3519,4666,,21
3520,4667,,11
3521,4668,,18
3522,4669,,20
3523,4670,,5
3524,4671,,12
3525,4672,,16
3526,4673,,3
3527,4674,,5
3528,4676,,19
3529,4678,,16
3530,4681,,10
3531,4682,,15
3532,4683,,14
3533,4687,,22
3534,4688,,17
3535,4689,,13
3536,4690,,2
3537,4691,,13
3538,4692,,15
3539,4693,,4
3540,4694,,4
3541,4695,,22
3542,4696,,23
3543,4697,,10
3544,4699,,4
3545,4700,,13
3546,4701,,4
3547,4702,,6
3548,4703,,20
3549,4704,,13
3550,4705,,20
3551,4706,,5
3552,4707,,2
3553,4708,,19
3554,4709,,5
3555,4710,,13
3556,4711,,10
3557,4712,,20
3558,4713,,18
3559,4714,,9
3560,4715,,18
3561,4716,,5
3562,4717,,19
3563,4718,,21
3564,4719,,19
3565,4720,,13
3566,4721,,8
3567,4722,,18
3568,4723,,14
3569,4724,,15
3570,4726,,1
3571,4727,,14
3572,4728,,12
3573,4729,,6
3574,4731,,22
3575,4733,,8
3576,4734,,13
3577,4736,,21
3578,4737,,21
3579,4739,,20
3580,4741,,14
3581,4742,,17
3582,4743,,21
3583,4745,,18
3584,4746,,6
3585,4747,,21
3586,4748,,7
3587,4749,,15
3588,4750,,10
3589,4752,,5
3590,4753,,18
3591,4754,,5
3592,4755,,9
3593,4756,,15
3594,4758,,18
3595,4762,,1
3596,4763,,9
3597,4766,,13
3598,4769,,18
3599,4770,,6
3600,4771,,8
3601,4772,,13
3602,4774,,2
3603,4775,,4
3604,4776,,8
3605,4777,,4
3606,4778,,2
3607,4779,,2
3608,4780,,19
3609,4781,,15
3610,4782,,3
3611,4783,,4
3612,4784,,14
3613,4785,,13
3614,4786,,7
3615,4787,,16
3616,4789,,11
3617,4790,,11
3618,4791,,13
3619,4793,,21
3620,4794,,22
3621,4795,,21
3622,4796,,16
3623,4797,,23
3624,4798,,15
3625,4799,,16
3626,4802,,16
3627,4803,,16
3628,4804,,22
3629,4805,,9
3630,4807,,12
3631,4808,,11
3632,4809,,10
3633,4810,,11
3634,4812,,17
3635,4814,,2
3636,4815,,8
3637,4816,,9
3638,4817,,7
3639,4819,,3
3640,4820,,13
3641,4821,,15
3642,4822,,6
3643,4823,,21
3644,4824,,3
3645,4826,,8
3646,4827,,6
3647,4828,,22
3648,4829,,4
3649,4830,,12
3650,4831,,15
3651,4832,,18
3652,4833,,20
3653,4834,,5
3654,4835,,4
3655,4836,,1
3656,4837,,12
3657,4838,,18
3658,4839,,18
3659,4840,,12
3660,4844,,23
3661,4845,,20
3662,4846,,15
3663,4847,,2
3664,4848,,21
3665,4849,,20
3666,4850,,19
3667,4852,,3
3668,4853,,9
3669,4854,,24
3670,4855,,20
3671,4856,,22
3672,4857,,15
3673,4858,,12
3674,4859,,23
3675,4860,,7
3676,4861,,21
3677,4862,,17
3678,4864,,14
3679,4865,,16
3680,4866,,18
3681,4867,,12
3682,4868,,2
3683,4869,,22
3684,4872,,14
3685,4873,,8
3686,4876,,17
3687,4878,,22
3688,4879,,3
3689,4880,,14
3690,4881,,2
3691,4882,,16
3692,4883,,21
3693,4884,,21
3694,4885,,6
3695,4886,,17
3696,4887,,5
3697,4888,,10
3698,4889,,14
3699,4890,,21
3700,4891,,5
3701,4892,,3
3702,4893,,7
3703,4894,,22
3704,4895,,19
3705,4896,,6
3706,4897,,4
3707,4898,,3
3708,4899,,24
3709,4900,,1
3710,4902,,5
3711,4903,,5
3712,4904,,17
3713,4906,,3
3714,4909,,20
3715,4910,,3
3716,4911,,23
3717,4912,,23
3718,4913,,13
3719,4914,,4
3720,4915,,24
3721,4916,,14
3722,4917,,1
3723,4918,,9
3724,4919,,14
3725,4920,,15
3726,4921,,8
3727,4922,,14
3728,4923,,15
3729,4924,,13
3730,4925,,22
3731,4927,,4
3732,4928,,20
3733,4932,,22
3734,4933,,13
3735,4934,,14
3736,4935,,7
3737,4936,,15
3738,4937,,21
3739,4938,,7
3740,4939,,19
3741,4940,,5
3742,4941,,20
3743,4942,,17
3744,4943,,16
3745,4944,,5
3746,4945,,22
3747,4946,,15
3748,4947,,14
3749,4949,,3
3750,4950,,6
3751,4951,,22
3752,4952,,3
3753,4953,,23
3754,4954,,5
3755,4955,,4
3756,4956,,8
3757,4957,,5
3758,4959,,22
3759,4960,,12
3760,4961,,18
3761,4962,,6
3762,4964,,14
3763,4965,,20
3764,4966,,22
3765,4967,,2
3766,4969,,23
3767,4970,,8
3768,4971,,7
3769,4972,,17
3770,4973,,8
3771,4974,,2
3772,4975,,21
3773,4976,,16
3774,4977,,19
3775,4978,,16
3776,4979,,22
3777,4980,,12
3778,4981,,1
3779,4982,,23
3780,4983,,19
3781,4984,,17
3782,4985,,12
3783,4986,,17
3784,4988,,2
3785,4990,,10
3786,4991,,2
3787,4992,,20
3788,4995,,10
3789,4996,,15
3790,4997,,12
3791,4998,,13
3792,5000,,10
3793,5001,,3
3794,5002,,6
3795,5003,,16
3796,5004,,2
3797,5005,,13
3798,5006,,12
3799,5007,,2
3800,5008,,20
3801,5009,,8
3802,5010,,23
3803,5011,,12
3804,5012,,10
3805,5014,,14
3806,5015,,11
3807,5016,,21
3808,5017,,8
3809,5018,,23
3810,5019,,19
3811,5020,,13
3812,5021,,22
3813,5022,,13
3814,5023,,4
3815,5024,,19
3816,5025,,11
3817,5026,,21
3818,5027,,15
3819,5028,,9
3820,5029,,15
3821,5030,,11
3822,5031,,21
3823,5033,,13
3824,5034,,2
3825,5035,,21
3826,5036,,22
3827,5037,,12
3828,5038,,3
3829,5039,,22
3830,5040,,4
3831,5041,,2
3832,5043,,7
3833,5047,,4
3834,5048,,12
3835,5049,,22
3836,5050,,22
3837,5051,,20
3838,5052,,8
3839,5053,,16
3840,5054,,13
3841,5055,,2
3842,5056,,18
3843,5057,,12
3844,5058,,5
3845,5059,,5
3846,5060,,11
3847,5061,,8
3848,5062,,16
3849,5063,,1
3850,5064,,11
3851,5066,,17
3852,5067,,14
3853,5068,,14
3854,5069,,7
3855,5070,,2
3856,5071,,22
3857,5072,,20
3858,5073,,12
3859,5074,,1
3860,5075,,14
3861,5076,,18
3862,5078,,8
3863,5079,,2
3864,5080,,2
3865,5081,,3
3866,5083,,11
3867,5085,,6
3868,5086,,6
3869,5087,,12
3870,5089,,12
3871,5090,,19
3872,5091,,22
3873,5092,,22
3874,5093,,24
3875,5094,,2
3876,5096,,14
3877,5097,,7
3878,5099,,14
3879,5100,,12
3880,5101,,15
3881,5102,,17
3882,5103,,15
3883,5104,,13
3884,5105,,1
3885,5106,,12
3886,5107,,18
3887,5109,,9
3888,5110,,4
3889,5111,,7
3890,5112,,12
3891,5113,,22
3892,5114,,10
3893,5116,,13
3894,5117,,13
3895,5118,,12
3896,5120,,13
3897,5121,,4
3898,5123,,22
3899,5124,,19
3900,5125,,11
3901,5126,,13
3902,5127,,6
3903,5128,,17
3904,5129,,7
3905,5131,,11
3906,5132,,8
3907,5133,,22
3908,5134,,7
3909,5135,,3
3910,5136,,14
3911,5137,,16
3912,5138,,17
3913,5139,,2
3914,5141,,19
3915,5142,,4
3916,5143,,18
3917,5146,,20
3918,5147,,23
3919,5148,,1
3920,5150,,7
3921,5151,,12
3922,5152,,17
3923,5154,,3
3924,5155,,18
3925,5156,,9
3926,5157,,3
3927,5159,,17
3928,5160,,12
3929,5161,,5
3930,5163,,11
3931,5164,,10
3932,5165,,6
3933,5170,,17
3934,5171,,14
3935,5176,,12
3936,5178,,14
3937,5179,,8
3938,5180,,5
3939,5181,,15
3940,5182,,16
3941,5184,,8
3942,5185,,3
3943,5186,,2
3944,5188,,17
3945,5189,,9
3946,5191,,12
3947,5192,,8
3948,5193,,21
3949,5194,,6
3950,5195,,14
3951,5196,,18
3952,5197,,16
3953,5198,,5
3954,5200,,12
3955,5201,,1
3956,5202,,15
3957,5203,,23
3958,5204,,18
3959,5205,,7
3960,5206,,16
3961,5207,,3
3962,5208,,22
3963,5209,,13
3964,5210,,19
3965,5211,,7
3966,5212,,8
3967,5213,,14
3968,5214,,18
3969,5217,,2
3970,5218,,10
3971,5220,,22
3972,5221,,5
3973,5222,,14
3974,5223,,13
3975,5226,,3
3976,5229,,7
3977,5230,,6
3978,5231,,20
3979,5232,,25
3980,5233,,8
3981,5234,,10
3982,5235,,18
3983,5238,,14
3984,5239,,1
3985,5241,,22
3986,5242,,21
3987,5243,,16
3988,5245,,19
3989,5246,,6
3990,5247,,1
3991,5248,,20
3992,5249,,3
3993,5250,,17
3994,5251,,20
3995,5252,,14
3996,5253,,13
3997,5254,,12
3998,5255,,17
3999,5257,,8
4000,5258,,18
4001,5259,,21
4002,5260,,12
4003,5261,,7
4004,5263,,15
4005,5264,,12
4006,5265,,18
4007,5266,,4
4008,5267,,15
4009,5268,,1
4010,5270,,12
4011,5271,,12
4012,5272,,22
4013,5273,,12
4014,5275,,20
4015,5276,,21
4016,5277,,17
4017,5279,,21
4018,5280,,1
4019,5281,,2
4020,5282,,13
4021,5283,,11
4022,5284,,6
4023,5285,,10
4024,5286,,8
4025,5287,,3
4026,5288,,16
4027,5290,,13
4028,5292,,21
4029,5293,,2
4030,5294,,16
4031,5295,,21
4032,5296,,11
4033,5297,,25
4034,5298,,8
4035,5299,,6
4036,5300,,18
4037,5301,,18
4038,5302,,6
4039,5303,,17
4040,5304,,18
4041,5305,,22
4042,5306,,19
4043,5307,,21
4044,5308,,11
4045,5309,,15
4046,5310,,3
4047,5312,,2
4048,5313,,18
4049,5315,,2
4050,5316,,14
4051,5318,,17
4052,5320,,21
4053,5321,,16
4054,5322,,13
4055,5323,,16
4056,5325,,1
4057,5326,,12
4058,5329,,3
4059,5330,,11
4060,5331,,12
4061,5333,,2
4062,5334,,18
4063,5335,,13
4064,5336,,14
4065,5339,,23
4066,5340,,9
4067,5341,,12
4068,5342,,6
4069,5343,,11
4070,5345,,16
4071,5347,,12
4072,5349,,13
4073,5350,,20
4074,5351,,9
4075,5352,,17
4076,5353,,12
4077,5355,,11
4078,5356,,8
4079,5357,,8
4080,5359,,3
4081,5360,,21
4082,5361,,5
4083,5362,,25
4084,5364,,23
4085,5365,,21
4086,5366,,3
4087,5367,,16
4088,5368,,5
4089,5369,,20
4090,5370,,15
4091,5371,,18
4092,5372,,11
4093,5373,,19
4094,5374,,1
4095,5376,,2
4096,5378,,3
4097,5379,,13
4098,5380,,15
4099,5381,,18
4100,5382,,20
4101,5383,,22
4102,5384,,13
4103,5385,,13
4104,5386,,17
4105,5387,,16
4106,5388,,19
4107,5389,,21
4108,5390,,7
4109,5391,,8
4110,5392,,12
4111,5394,,19
4112,5395,,12
4113,5396,,18
4114,5397,,20
4115,5399,,11
4116,5400,,20
4117,5401,,11
4118,5402,,6
4119,5403,,14
4120,5404,,16
4121,5405,,18
4122,5406,,9
4123,5407,,15
4124,5408,,2
4125,5409,,11
4126,5410,,6
4127,5412,,22
4128,5413,,11
4129,5415,,10
4130,5416,,8
4131,5417,,18
4132,5418,,18
4133,5419,,21
4134,5420,,16
4135,5421,,23
4136,5422,,20
4137,5423,,20
4138,5424,,7
4139,5425,,12
4140,5426,,13
4141,5427,,21
4142,5428,,2
4143,5429,,3
4144,5431,,4
4145,5432,,4
4146,5433,,20
4147,5434,,9
4148,5436,,16
4149,5437,,6
4150,5438,,7
4151,5440,,10
4152,5441,,18
4153,5442,,9
4154,5443,,14
4155,5444,,10
4156,5445,,15
4157,5446,,14
4158,5447,,4
4159,5448,,3
4160,5449,,15
4161,5451,,6
4162,5452,,12
4163,5453,,15
4164,5454,,18
4165,5455,,12
4166,5456,,17
4167,5457,,9
4168,5459,,12
4169,5460,,4
4170,5461,,19
4171,5462,,12
4172,5463,,23
4173,5465,,1
4174,5466,,2
4175,5467,,16
4176,5469,,3
4177,5470,,5
4178,5471,,5
4179,5472,,15
4180,5473,,1
4181,5474,,11
4182,5475,,23
4183,5476,,3
4184,5477,,21
4185,5478,,15
4186,5479,,15
4187,5480,,6
4188,5481,,3
4189,5482,,11
4190,5483,,22
4191,5485,,19
4192,5486,,3
4193,5487,,14
4194,5488,,20
4195,5490,,13
4196,5491,,14
4197,5492,,5
4198,5493,,20
4199,5495,,14
4200,5496,,26
4201,5498,,11
4202,5499,,14
4203,5501,,5
4204,5502,,1
4205,5503,,6
4206,5504,,26
4207,5506,,16
4208,5507,,20
4209,5508,,5
4210,5510,,12
4211,5511,,9
4212,5512,,22
4213,5513,,25
4214,5514,,10
4215,5515,,16
4216,5516,,4
4217,5517,,17
4218,5518,,15
4219,5520,,18
4220,5521,,9
4221,5522,,4
4222,5525,,13
4223,5526,,14
4224,5527,,21
4225,5528,,14
4226,5531,,8
4227,5533,,3
4228,5534,,6
4229,5537,,3
4230,5538,,19
4231,5540,,19
4232,5541,,6
4233,5542,,4
4234,5543,,7
4235,5544,,4
4236,5545,,14
4237,5546,,11
4238,5547,,7
4239,5548,,22
4240,5549,,23
4241,5550,,11
4242,5551,,15
4243,5552,,17
4244,5553,,13
4245,5554,,4
4246,5555,,6
4247,5557,,21
4248,5558,,13
4249,5559,,3
4250,5561,,3
4251,5562,,8
4252,5563,,7
4253,5565,,12
4254,5566,,15
4255,5567,,22
4256,5569,,17
4257,5571,,15
4258,5572,,5
4259,5573,,19
4260,5574,,22
4261,5575,,12
4262,5576,,14
4263,5578,,1
4264,5579,,14
4265,5580,,14
4266,5581,,12
4267,5583,,3
4268,5584,,2
4269,5585,,17
4270,5586,,2
4271,5587,,20
4272,5589,,4
4273,5590,,7
4274,5591,,8
4275,5592,,4
4276,5593,,1
4277,5594,,20
4278,5596,,16
4279,5598,,19
4280,5599,,9
4281,5600,,7
4282,5602,,15
4283,5603,,10
4284,5604,,5
4285,5605,,14
4286,5606,,15
4287,5607,,17
4288,5608,,19
4289,5611,,14
4290,5612,,10
4291,5615,,14
4292,5616,,12
4293,5617,,17
4294,5618,,8
4295,5619,,17
4296,5620,,17
4297,5621,,6
4298,5623,,13
4299,5624,,10
4300,5626,,16
4301,5627,,11
4302,5628,,3
4303,5629,,22
4304,5630,,20
4305,5631,,2
4306,5632,,19
4307,5635,,9
4308,5636,,17
4309,5637,,22
4310,5638,,20
4311,5639,,11
4312,5640,,5
4313,5642,,18
4314,5643,,2
4315,5645,,6
4316,5646,,4
4317,5647,,20
4318,5648,,15
4319,5650,,12
4320,5651,,8
4321,5652,,15
4322,5654,,8
4323,5657,,23
4324,5659,,15
4325,5660,,2
4326,5662,,9
4327,5663,,15
4328,5664,,19
4329,5665,,2
4330,5666,,20
4331,5667,,16
4332,5668,,4
4333,5669,,20
4334,5671,,19
4335,5672,,4
4336,5673,,6
4337,5674,,14
4338,5676,,11
4339,5677,,23
4340,5678,,22
4341,5679,,16
4342,5680,,2
4343,5681,,6
4344,5682,,3
4345,5683,,17
4346,5684,,11
4347,5685,,14
4348,5686,,5
4349,5688,,22
4350,5690,,5
4351,5691,,17
4352,5692,,13
4353,5693,,3
4354,5694,,4
4355,5695,,11
4356,5696,,15
4357,5697,,1
4358,5698,,11
4359,5699,,15
4360,5700,,17
4361,5701,,5
4362,5704,,17
4363,5705,,22
4364,5706,,16
4365,5708,,12
4366,5710,,13
4367,5711,,21
4368,5712,,11
4369,5713,,13
4370,5714,,10
4371,5715,,7
4372,5716,,16
4373,5717,,15
4374,5718,,11
4375,5719,,23
4376,5721,,6
4377,5722,,22
4378,5723,,6
4379,5724,,3
4380,5725,,12
4381,5726,,13
4382,5727,,2
4383,5729,,5
4384,5732,,14
4385,5734,,9
4386,5736,,17
4387,5737,,21
4388,5738,,13
4389,5739,,14
4390,5740,,19
4391,5743,,15
4392,5744,,11
4393,5745,,7
4394,5746,,23
4395,5747,,3
4396,5748,,21
4397,5749,,14
4398,5750,,19
4399,5751,,15
4400,5752,,4
4401,5753,,11
4402,5754,,23
4403,5755,,3
4404,5756,,19
4405,5757,,20
4406,5758,,4
4407,5759,,19
4408,5760,,6
4409,5761,,22
4410,5762,,2
4411,5763,,12
4412,5766,,16
4413,5767,,6
4414,5768,,14
4415,5769,,6
4416,5770,,16
4417,5771,,10
4418,5772,,21
4419,5773,,14
4420,5774,,18
4421,5776,,7
4422,5777,,1
4423,5779,,11
4424,5780,,15
4425,5781,,16
4426,5782,,3
4427,5783,,17
4428,5784,,19
4429,5785,,2
4430,5786,,1
4431,5787,,10
4432,5788,,14
4433,5789,,20
4434,5790,,9
4435,5791,,9
4436,5792,,10
4437,5793,,13
4438,5795,,4
4439,5796,,4
4440,5797,,19
4441,5798,,11
4442,5799,,9
4443,5800,,25
4444,5801,,1
4445,5802,,8
4446,5803,,10
4447,5804,,2
4448,5805,,13
4449,5806,,4
4450,5807,,11
4451,5809,,11
4452,5811,,15
4453,5812,,13
4454,5813,,7
4455,5814,,18
4456,5815,,16
4457,5816,,17
4458,5817,,5
4459,5818,,20
4460,5819,,2
4461,5820,,9
4462,5821,,17
4463,5822,,4
4464,5823,,20
4465,5825,,7
4466,5827,,22
4467,5828,,22
4468,5829,,17
4469,5830,,15
4470,5831,,9
4471,5832,,9
4472,5836,,12
4473,5837,,2
4474,5838,,18
4475,5839,,16
4476,5840,,15
4477,5841,,25
4478,5842,,20
4479,5844,,7
4480,5845,,20
4481,5846,,4
4482,5847,,5
4483,5848,,3
4484,5849,,4
4485,5850,,4
4486,5851,,4
4487,5852,,17
4488,5853,,22
4489,5854,,18
4490,5856,,13
4491,5857,,18
4492,5858,,5
4493,5860,,13
4494,5861,,12
4495,5862,,17
4496,5863,,19
4497,5864,,11
4498,5869,,5
4499,5870,,13
4500,5871,,20
4501,5872,,11
4502,5874,,23
4503,5875,,3
4504,5876,,9
4505,5877,,16
4506,5878,,15
4507,5879,,11
4508,5880,,18
4509,5881,,9
4510,5882,,5
4511,5883,,23
4512,5884,,20
4513,5885,,17
4514,5886,,19
4515,5887,,5
4516,5888,,16
4517,5889,,4
4518,5890,,19
4519,5891,,6
4520,5892,,13
4521,5894,,4
4522,5895,,16
4523,5896,,2
4524,5897,,16
4525,5898,,19
4526,5899,,5
4527,5900,,18
4528,5901,,10
4529,5902,,12
4530,5903,,12
4531,5904,,22
4532,5907,,12
4533,5908,,5
4534,5909,,3
4535,5910,,8
4536,5912,,26
4537,5913,,19
4538,5914,,16
4539,5915,,8
4540,5916,,20
4541,5917,,7
4542,5918,,12
4543,5919,,22
4544,5920,,13
4545,5921,,20
4546,5923,,2
4547,5924,,21
4548,5926,,12
4549,5927,,7
4550,5928,,23
4551,5929,,1
4552,5930,,4
4553,5931,,3
4554,5932,,13
4555,5933,,1
4556,5934,,20
4557,5937,,17
4558,5938,,13
4559,5939,,16
4560,5940,,9
4561,5941,,3
4562,5942,,13
4563,5943,,17
4564,5944,,5
4565,5945,,17
4566,5946,,11
4567,5947,,7
4568,5949,,18
4569,5950,,8
4570,5951,,20
4571,5952,,16
4572,5953,,18
4573,5956,,12
4574,5958,,14
4575,5959,,12
4576,5960,,16
4577,5961,,14
4578,5963,,3
4579,5964,,6
4580,5965,,10
4581,5966,,14
4582,5967,,1
4583,5968,,18
4584,5969,,8
4585,5970,,12
4586,5971,,19
4587,5972,,21
4588,5973,,13
4589,5975,,4
4590,5976,,20
4591,5977,,12
4592,5978,,17
4593,5979,,12
4594,5980,,7
4595,5981,,20
4596,5982,,8
4597,5983,,13
4598,5984,,17
4599,5985,,16
4600,5986,,10
4601,5987,,11
4602,5988,,7
4603,5989,,17
4604,5990,,11
4605,5991,,17
4606,5992,,20
4607,5993,,17
4608,5994,,8
4609,5995,,5
4610,5996,,21
4611,5997,,20
4612,5998,,8
4613,5999,,14
4614,6001,,16
4615,6002,,18
4616,6003,,6
4617,6004,,1
4618,6005,,22
4619,6006,,17
4620,6008,,2
4621,6010,,14
4622,6011,,23
4623,6012,,19
4624,6014,,22
4625,6015,,12
4626,6016,,16
4627,6017,,24
4628,6018,,20
4629,6019,,10
4630,6020,,8
4631,6022,,16
4632,6023,,2
4633,6024,,8
4634,6025,,21
4635,6027,,14
4636,6028,,17
4637,6030,,14
4638,6031,,21
4639,6032,,15
4640,6033,,4
4641,6034,,22
4642,6035,,1
4643,6036,,18
4644,6037,,5
4645,6039,,6
4646,6040,,14
4647,6041,,1
4648,6042,,18
4649,6043,,14
4650,6044,,13
4651,6045,,23
4652,6046,,14
4653,6047,,20
4654,6048,,4
4655,6049,,11
4656,6050,,12
4657,6052,,4
4658,6053,,23
4659,6055,,15
4660,6056,,5
4661,6057,,22
4662,6058,,14
4663,6059,,16
4664,6060,,11
4665,6061,,22
4666,6062,,16
4667,6065,,11
4668,6066,,2
4669,6067,,13
4670,6068,,6
4671,6069,,5
4672,6071,,6
4673,6072,,15
4674,6073,,13
4675,6074,,3
4676,6075,,20
4677,6076,,22
4678,6077,,13
4679,6078,,20
4680,6081,,4
4681,6082,,2
4682,6085,,14
4683,6087,,10
4684,6089,,7
4685,6090,,18
4686,6092,,2
4687,6094,,6
4688,6095,,1
4689,6096,,5
4690,6097,,2
4691,6098,,17
4692,6099,,18
4693,6100,,12
4694,6101,,2
4695,6102,,7
4696,6103,,19
4697,6104,,5
4698,6105,,2
4699,6107,,19
4700,6108,,13
4701,6109,,14
4702,6110,,23
4703,6111,,5
4704,6112,,17
4705,6113,,21
4706,6115,,1
4707,6116,,7
4708,6118,,20
4709,6119,,22
4710,6120,,12
4711,6121,,21
4712,6123,,14
4713,6126,,14
4714,6127,,2
4715,6128,,13
4716,6131,,15
4717,6132,,20
4718,6133,,18
4719,6134,,18
4720,6135,,12
4721,6136,,8
4722,6137,,12
4723,6138,,9
4724,6139,,1
4725,6140,,7
4726,6141,,3
4727,6142,,10
4728,6143,,6
4729,6144,,19
4730,6146,,8
4731,6148,,8
4732,6149,,23
4733,6150,,13
4734,6152,,16
4735,6154,,23
4736,6155,,18
4737,6156,,4
4738,6157,,15
4739,6158,,17
4740,6161,,20
4741,6162,,22
4742,6163,,5
4743,6164,,21
4744,6166,,7
4745,6167,,4
4746,6168,,11
4747,6169,,12
4748,6170,,6
4749,6173,,9
4750,6174,,22
4751,6175,,20
4752,6178,,23
4753,6179,,11
4754,6180,,14
4755,6181,,2
4756,6182,,6
4757,6183,,7
4758,6184,,21
4759,6185,,14
4760,6186,,10
4761,6187,,16
4762,6188,,16
4763,6189,,13
4764,6190,,6
4765,6191,,19
4766,6192,,3
4767,6194,,7
4768,6195,,22
4769,6196,,2
4770,6197,,15
4771,6198,,20
4772,6199,,12
4773,6200,,10
4774,6202,,8
4775,6203,,11
4776,6204,,5
4777,6205,,17
4778,6206,,13
4779,6207,,15
4780,6208,,10
4781,6209,,17
4782,6210,,22
4783,6211,,18
4784,6212,,20
4785,6213,,11
4786,6214,,14
4787,6215,,16
4788,6216,,5
4789,6217,,21
4790,6218,,22
4791,6220,,22
4792,6221,,15
4793,6222,,17
4794,6223,,3
4795,6224,,22
4796,6225,,12
4797,6226,,12
4798,6228,,9
4799,6229,,19
4800,6230,,21
4801,6231,,19
4802,6232,,16
4803,6233,,4
4804,6234,,2
4805,6235,,13
4806,6236,,21
4807,6237,,22
4808,6238,,8
4809,6240,,19
4810,6242,,14
4811,6243,,5
4812,6244,,10
4813,6245,,5
4814,6246,,21
4815,6247,,12
4816,6249,,16
4817,6251,,20
4818,6252,,20
4819,6254,,8
4820,6255,,19
4821,6258,,15
4822,6260,,8
4823,6261,,16
4824,6263,,19
4825,6264,,16
4826,6265,,15
4827,6267,,13
4828,6270,,16
4829,6271,,14
4830,6272,,4
4831,6273,,1
4832,6276,,5
4833,6277,,14
4834,6278,,12
4835,6279,,22
4836,6280,,12
4837,6281,,5
4838,6282,,18
4839,6283,,23
4840,6284,,5
4841,6285,,3
4842,6286,,17
4843,6287,,5
4844,6291,,13
4845,6293,,23
4846,6294,,2
4847,6295,,4
4848,6296,,24
4849,6298,,18
4850,6299,,20
4851,6300,,8
4852,6302,,13
4853,6303,,12
4854,6306,,14
4855,6307,,13
4856,6312,,20
4857,6313,,10
4858,6314,,17
4859,6315,,13
4860,6316,,16
4861,6318,,22
4862,6320,,20
4863,6321,,13
4864,6322,,18
4865,6324,,21
4866,6325,,5
4867,6326,,5
4868,6327,,12
4869,6328,,1
4870,6329,,15
4871,6330,,18
4872,6331,,9
4873,6332,,8
4874,6333,,14
4875,6334,,4
4876,6335,,14
4877,6336,,22
4878,6337,,22
4879,6338,,3
4880,6339,,23
4881,6340,,10
4882,6341,,14
4883,6342,,14
4884,6343,,8
4885,6344,,19
4886,6345,,17
4887,6346,,8
4888,6347,,17
4889,6348,,5
4890,6349,,16
4891,6350,,6
4892,6351,,20
4893,6352,,15
4894,6353,,16
4895,6354,,23
4896,6356,,22
4897,6357,,7
4898,6359,,13
4899,6360,,6
4900,6361,,14
4901,6363,,16
4902,6364,,6
4903,6365,,13
4904,6366,,9
4905,6367,,22
4906,6368,,18
4907,6369,,19
4908,6370,,13
4909,6371,,2
4910,6372,,14
4911,6373,,4
4912,6374,,23
4913,6375,,13
4914,6377,,18
4915,6378,,3
4916,6379,,14
4917,6381,,4
4918,6382,,8
4919,6384,,17
4920,6385,,20
4921,6387,,6
4922,6389,,17
4923,6391,,22
4924,6392,,22
4925,6394,,21
4926,6395,,21
4927,6396,,8
4928,6397,,15
4929,6399,,15
4930,6400,,1
4931,6401,,16
4932,6403,,2
4933,6404,,8
4934,6405,,19
4935,6406,,12
4936,6408,,6
4937,6409,,19
4938,6410,,21
4939,6411,,20
4940,6412,,7
4941,6415,,13
4942,6417,,22
4943,6418,,4
4944,6419,,5
4945,6420,,21
4946,6421,,17
4947,6422,,15
4948,6424,,5
4949,6425,,2
4950,6426,,2
4951,6427,,3
4952,6428,,3
4953,6429,,17
4954,6430,,12
4955,6431,,2
4956,6432,,6
4957,6434,,18
4958,6435,,7
4959,6436,,5
4960,6437,,7
4961,6438,,15
4962,6439,,1
4963,6442,,20
4964,6443,,19
4965,6444,,16
4966,6445,,21
4967,6447,,1
4968,6448,,23
4969,6449,,11
4970,6450,,1
4971,6454,,3
4972,6457,,15
4973,6458,,17
4974,6459,,12
4975,6460,,17
4976,6463,,8
4977,6464,,7
4978,6465,,22
4979,6466,,18
4980,6467,,12
4981,6468,,6
4982,6469,,12
4983,6471,,11
4984,6472,,13
4985,6473,,17
4986,6475,,9
4987,6476,,22
4988,6477,,18
4989,6479,,14
4990,6480,,13
4991,6482,,2
4992,6483,,10
4993,6484,,22
4994,6485,,20
4995,6486,,19
4996,6487,,6
4997,6488,,3
4998,6489,,11
4999,6490,,3
5000,6491,,7
5001,6493,,26
5002,6494,,17
5003,6496,,25
5004,6497,,14
5005,6498,,8
5006,6501,,20
5007,6502,,15
5008,6503,,2
5009,6504,,15
5010,6506,,8
5011,6507,,18
5012,6508,,9
5013,6509,,21
5014,6510,,2
5015,6511,,18
5016,6512,,18
5017,6513,,1
5018,6515,,9
5019,6516,,7
5020,6517,,17
5021,6520,,7
5022,6521,,17
5023,6523,,5
5024,6524,,15
5025,6525,,14
5026,6526,,13
5027,6527,,12
5028,6528,,21
5029,6529,,15
5030,6530,,20
5031,6531,,6
5032,6532,,13
5033,6533,,7
5034,6534,,15
5035,6537,,7
5036,6538,,18
5037,6539,,16
5038,6540,,18
5039,6541,,6
5040,6543,,23
5041,6544,,5
5042,6548,,20
5043,6550,,13
5044,6552,,5
5045,6553,,2
5046,6554,,3
5047,6555,,12
5048,6556,,20
5049,6557,,16
5050,6560,,14
5051,6561,,12
5052,6562,,20
5053,6563,,11
5054,6565,,7
5055,6566,,17
5056,6567,,14
5057,6568,,19
5058,6570,,13
5059,6572,,4
5060,6573,,22
5061,6574,,16
5062,6576,,22
5063,6577,,21
5064,6579,,4
5065,6580,,21
5066,6581,,19
5067,6582,,16
5068,6583,,20
5069,6584,,21
5070,6585,,17
5071,6586,,5
5072,6587,,22
5073,6588,,6
5074,6589,,4
5075,6591,,19
5076,6592,,3
5077,6593,,14
5078,6594,,8
5079,6596,,23
5080,6597,,7
5081,6598,,12
5082,6599,,21
5083,6600,,1
5084,6605,,6
5085,6607,,19
5086,6608,,14
5087,6609,,19
5088,6610,,14
5089,6611,,17
5090,6612,,13
5091,6613,,7
5092,6615,,5
5093,6617,,9
5094,6618,,17
5095,6619,,10
5096,6620,,12
5097,6621,,14
5098,6623,,1
5099,6624,,2
5100,6625,,3
5101,6626,,11
5102,6628,,19
5103,6630,,20
5104,6631,,18
5105,6632,,22
5106,6633,,12
5107,6634,,18
5108,6635,,18
5109,6636,,9
5110,6638,,20
5111,6639,,13
5112,6640,,6
5113,6641,,20
5114,6642,,19
5115,6644,,2
5116,6647,,16
5117,6648,,1
5118,6649,,17
5119,6650,,3
5120,6651,,8
5121,6652,,4
5122,6654,,19
5123,6655,,4
5124,6657,,17
5125,6658,,16
5126,6659,,14
5127,6660,,15
5128,6662,,7
5129,6663,,16
5130,6664,,3
5131,6665,,4
5132,6666,,23
5133,6667,,2
5134,6670,,13
5135,6671,,16
5136,6672,,6
5137,6673,,17
5138,6675,,8
5139,6676,,7
5140,6677,,6
5141,6679,,2
5142,6680,,25
5143,6681,,18
5144,6682,,17
5145,6683,,5
5146,6684,,7
5147,6685,,17
5148,6686,,23
5149,6687,,18
5150,6689,,14
5151,6690,,15
5152,6691,,8
5153,6693,,20
5154,6694,,15
5155,6695,,1
5156,6696,,8
5157,6697,,3
5158,6699,,22
5159,6700,,17
5160,6701,,9
5161,6702,,22
5162,6703,,17
5163,6704,,14
5164,6706,,8
5165,6707,,4
5166,6708,,23
5167,6709,,16
5168,6710,,3
5169,6711,,8
5170,6712,,22
5171,6713,,20
5172,6714,,9
5173,6716,,2
5174,6718,,12
5175,6719,,9
5176,6720,,11
5177,6721,,11
5178,6723,,11
5179,6724,,15
5180,6726,,16
5181,6728,,21
5182,6729,,19
5183,6730,,17
5184,6732,,20
5185,6733,,12
5186,6734,,19
5187,6735,,19
5188,6736,,16
5189,6737,,17
5190,6738,,3
5191,6739,,17
5192,6740,,2
5193,6741,,12
5194,6744,,9
5195,6746,,6
5196,6747,,3
5197,6748,,5
5198,6749,,8
5199,6750,,12
5200,6751,,21
5201,6753,,16
5202,6754,,16
5203,6756,,17
5204,6757,,19
5205,6758,,13
5206,6759,,3
5207,6760,,14
5208,6761,,16
5209,6763,,18
5210,6764,,14
5211,6765,,21
5212,6767,,1
5213,6768,,15
5214,6770,,18
5215,6774,,4
5216,6775,,17
5217,6776,,17
5218,6777,,18
5219,6778,,18
5220,6779,,12
5221,6780,,2
5222,6783,,18
5223,6784,,1
5224,6785,,5
5225,6786,,17
5226,6788,,18
5227,6789,,18
5228,6790,,3
5229,6791,,12
5230,6792,,14
5231,6793,,12
5232,6794,,16
5233,6795,,10
5234,6796,,22
5235,6798,,19
5236,6799,,15
5237,6800,,4
5238,6801,,20
5239,6802,,14
5240,6803,,7
5241,6804,,19
5242,6806,,23
5243,6807,,10
5244,6809,,16
5245,6810,,13
5246,6811,,4
5247,6812,,11
5248,6814,,11
5249,6816,,1
5250,6819,,3
5251,6821,,13
5252,6822,,17
5253,6823,,18
5254,6824,,13
5255,6825,,24
5256,6826,,18
5257,6827,,4
5258,6829,,12
5259,6830,,2
5260,6831,,5
5261,6832,,6
5262,6833,,16
5263,6834,,17
5264,6835,,3
5265,6836,,17
5266,6837,,16
5267,6838,,21
5268,6840,,1
5269,6841,,1
5270,6842,,13
5271,6843,,23
5272,6844,,14
5273,6845,,10
5274,6846,,16
5275,6847,,2
5276,6850,,20
5277,6851,,12
5278,6852,,19
5279,6853,,17
5280,6854,,22
5281,6855,,5
5282,6857,,4
5283,6858,,13
5284,6859,,19
5285,6860,,19
5286,6862,,5
5287,6863,,19
5288,6864,,1
5289,6865,,10
5290,6866,,6
5291,6870,,7
5292,6871,,22
5293,6872,,5
5294,6873,,13
5295,6874,,19
5296,6875,,3
5297,6876,,5
5298,6877,,21
5299,6878,,1
5300,6879,,4
5301,6880,,22
5302,6881,,20
5303,6883,,13
5304,6884,,3
5305,6886,,4
5306,6887,,6
5307,6888,,10
5308,6889,,14
5309,6890,,2
5310,6891,,25
5311,6892,,18
5312,6894,,3
5313,6896,,17
5314,6897,,22
5315,6898,,4
5316,6899,,16
5317,6900,,7
5318,6902,,6
5319,6904,,19
5320,6905,,13
5321,6906,,21
5322,6907,,21
5323,6908,,3
5324,6909,,8
5325,6910,,13
5326,6911,,7
5327,6912,,2
5328,6914,,15
5329,6915,,15
5330,6918,,15
5331,6919,,20
5332,6920,,1
5333,6922,,6
5334,6923,,15
5335,6924,,13
5336,6925,,14
5337,6926,,20
5338,6927,,5
5339,6928,,1
5340,6929,,16
5341,6931,,19
5342,6933,,23
5343,6934,,14
5344,6935,,6
5345,6936,,17
5346,6937,,16
5347,6938,,16
5348,6939,,2
5349,6940,,22
5350,6941,,22
5351,6942,,8
5352,6943,,3
5353,6944,,7
5354,6946,,18
5355,6947,,19
5356,6948,,12
5357,6949,,15
5358,6950,,18
5359,6951,,20
5360,6953,,21
5361,6954,,26
5362,6955,,6
5363,6956,,14
5364,6957,,26
5365,6958,,20
5366,6959,,15
5367,6960,,7
5368,6961,,22
5369,6963,,13
5370,6964,,1
5371,6965,,21
5372,6966,,6
5373,6968,,23
5374,6969,,19
5375,6971,,8
5376,6973,,12
5377,6974,,4
5378,6975,,9
5379,6976,,13
5380,6977,,16
5381,6978,,17
5382,6980,,14
5383,6981,,22
5384,6982,,21
5385,6983,,4
5386,6984,,17
5387,6986,,21
5388,6987,,1
5389,6988,,18
5390,6989,,20
5391,6990,,15
5392,6992,,13
5393,6993,,15
5394,6995,,16
5395,6996,,14
5396,6998,,3
5397,6999,,7
5398,7000,,4
5399,7001,,22
5400,7002,,7
5401,7003,,4
5402,7006,,3
5403,7008,,5
5404,7009,,22
5405,7011,,6
5406,7013,,5
5407,7014,,13
5408,7015,,4
5409,7016,,21
5410,7017,,5
5411,7018,,3
5412,7019,,12
5413,7021,,20
5414,7022,,4
5415,7023,,22
5416,7025,,20
5417,7026,,20
5418,7027,,1
5419,7028,,16
5420,7030,,13
5421,7031,,19
5422,7032,,10
5423,7033,,18
5424,7034,,4
5425,7035,,1
5426,7036,,7
5427,7037,,16
5428,7038,,8
5429,7039,,19
5430,7040,,23
5431,7041,,15
5432,7042,,11
5433,7045,,22
5434,7046,,2
5435,7047,,17
5436,7049,,12
5437,7050,,2
5438,7051,,13
5439,7053,,21
5440,7054,,7
5441,7056,,22
5442,7057,,13
5443,7061,,1
5444,7062,,13
5445,7065,,20
5446,7066,,16
5447,7067,,5
5448,7068,,16
5449,7069,,12
5450,7072,,13
5451,7074,,16
5452,7075,,8
5453,7076,,2
5454,7077,,16
5455,7078,,11
5456,7080,,19
5457,7081,,5
5458,7082,,3
5459,7083,,9
5460,7085,,9
5461,7086,,8
5462,7087,,15
5463,7088,,1
5464,7090,,2
5465,7091,,2
5466,7096,,19
5467,7097,,14
5468,7098,,18
5469,7099,,19
5470,7100,,7
5471,7101,,10
5472,7102,,21
5473,7103,,10
5474,7104,,20
5475,7105,,11
5476,7106,,15
5477,7107,,4
5478,7109,,20
5479,7110,,16
5480,7113,,15
5481,7114,,5
5482,7115,,17
5483,7116,,13
5484,7117,,19
5485,7118,,14
5486,7119,,21
5487,7120,,18
5488,7121,,17
5489,7122,,3
5490,7123,,3
5491,7126,,18
5492,7127,,2
5493,7128,,3
5494,7129,,16
5495,7130,,17
5496,7131,,7
5497,7132,,23
5498,7133,,16
5499,7135,,20
5500,7136,,5
5501,7137,,10
5502,7138,,17
5503,7139,,19
5504,7141,,18
5505,7142,,21
5506,7143,,19
5507,7144,,20
5508,7145,,16
5509,7146,,19
5510,7147,,12
5511,7148,,12
5512,7152,,21
5513,7153,,19
5514,7155,,5
5515,7156,,6
5516,7157,,23
5517,7158,,1
5518,7159,,3
5519,7160,,19
5520,7161,,16
5521,7162,,17
5522,7164,,3
5523,7165,,1
5524,7166,,21
5525,7167,,5
5526,7168,,5
5527,7169,,19
5528,7170,,13
5529,7171,,6
5530,7172,,3
5531,7173,,19
5532,7174,,6
5533,7175,,21
5534,7176,,2
5535,7177,,22
5536,7179,,4
5537,7180,,4
5538,7181,,17
5539,7182,,11
5540,7183,,10
5541,7185,,11
5542,7186,,21
5543,7187,,11
5544,7188,,14
5545,7189,,12
5546,7190,,10
5547,7191,,2
5548,7192,,22
5549,7194,,16
5550,7195,,7
5551,7196,,24
5552,7197,,15
5553,7198,,19
5554,7199,,16
5555,7201,,17
5556,7203,,4
5557,7204,,2
5558,7205,,3
5559,7206,,17
5560,7207,,1
5561,7208,,2
5562,7209,,9
5563,7210,,14
5564,7212,,21
5565,7213,,26
5566,7214,,13
5567,7215,,18
5568,7216,,22
5569,7217,,4
5570,7218,,22
5571,7219,,3
5572,7220,,4
5573,7221,,13
5574,7222,,17
5575,7223,,2
5576,7225,,23
5577,7228,,1
5578,7229,,1
5579,7230,,23
5580,7231,,10
5581,7233,,13
5582,7235,,22
5583,7236,,6
5584,7238,,3
5585,7240,,19
5586,7241,,2
5587,7242,,12
5588,7244,,20
5589,7246,,7
5590,7247,,22
5591,7248,,12
5592,7252,,1
5593,7253,,20
5594,7254,,8
5595,7255,,22
5596,7256,,20
5597,7257,,15
5598,7258,,14
5599,7260,,19
5600,7261,,1
5601,7263,,10
5602,7264,,20
5603,7265,,17
5604,7266,,9
5605,7267,,14
5606,7268,,19
5607,7269,,22
5608,7270,,26
5609,7271,,2
5610,7273,,2
5611,7274,,16
5612,7275,,10
5613,7276,,21
5614,7278,,17
5615,7279,,1
5616,7280,,5
5617,7281,,25
5618,7282,,5
5619,7283,,7
5620,7284,,6
5621,7285,,18
5622,7287,,11
5623,7288,,18
5624,7289,,17
5625,7291,,22
5626,7293,,17
5627,7295,,20
5628,7296,,23
5629,7297,,19
5630,7299,,20
5631,7300,,12
5632,7301,,18
5633,7302,,11
5634,7303,,3
5635,7304,,16
5636,7306,,10
5637,7307,,18
5638,7308,,11
5639,7309,,9
5640,7310,,16
5641,7311,,22
5642,7312,,12
5643,7315,,10
5644,7316,,23
5645,7317,,16
5646,7318,,4
5647,7319,,5
5648,7320,,2
5649,7321,,18
5650,7322,,6
5651,7323,,26
5652,7325,,18
5653,7326,,17
5654,7328,,17
5655,7329,,8
5656,7332,,8
5657,7333,,7
5658,7334,,18
5659,7335,,7
5660,7337,,7
5661,7338,,3
5662,7339,,6
5663,7340,,14
5664,7341,,1
5665,7342,,19
5666,7344,,3
5667,7345,,1
5668,7346,,1
5669,7347,,1
5670,7348,,19
5671,7349,,23
5672,7350,,1
5673,7351,,6
5674,7352,,23
5675,7353,,14
5676,7354,,19
5677,7356,,18
5678,7357,,13
5679,7358,,2
5680,7359,,20
5681,7360,,6
5682,7361,,9
5683,7363,,14
5684,7365,,14
5685,7367,,19
5686,7368,,23
5687,7370,,9
5688,7371,,24
5689,7373,,9
5690,7374,,21
5691,7375,,5
5692,7376,,13
5693,7378,,9
5694,7379,,20
5695,7380,,15
5696,7381,,23
5697,7382,,13
5698,7383,,9
5699,7385,,21
5700,7386,,1
5701,7388,,14
5702,7389,,20
5703,7390,,20
5704,7391,,23
5705,7393,,6
5706,7394,,25
5707,7395,,14
5708,7396,,18
5709,7397,,9
5710,7398,,6
5711,7400,,3
5712,7401,,19
5713,7402,,4
5714,7403,,21
5715,7404,,7
5716,7406,,12
5717,7407,,23
5718,7408,,2
5719,7409,,10
5720,7411,,17
5721,7412,,8
5722,7413,,26
5723,7414,,12
5724,7416,,24
5725,7417,,11
5726,7418,,6
5727,7419,,3
5728,7420,,23
5729,7421,,16
5730,7422,,6
5731,7423,,15
5732,7424,,25
5733,7425,,5
5734,7426,,23
5735,7427,,8
5736,7429,,12
5737,7431,,4
5738,7432,,5
5739,7434,,19
5740,7435,,4
5741,7436,,26
5742,7437,,19
5743,7438,,15
5744,7439,,23
5745,7440,,10
5746,7441,,22
5747,7442,,21
5748,7443,,14
5749,7444,,7
5750,7446,,18
5751,7447,,18
5752,7448,,16
5753,7450,,23
5754,7451,,15
5755,7452,,6
5756,7454,,14
5757,7456,,11
5758,7457,,8
5759,7458,,5
5760,7459,,20
5761,7460,,3
5762,7461,,24
5763,7466,,13
5764,7467,,6
5765,7468,,12
5766,7469,,26
5767,7471,,22
5768,7472,,16
5769,7473,,1
5770,7475,,15
5771,7476,,15
5772,7477,,3
5773,7478,,16
5774,7479,,15
5775,7480,,14
5776,7481,,13
5777,7482,,19
5778,7486,,11
5779,7487,,19
5780,7488,,12
5781,7489,,1
5782,7491,,20
5783,7492,,10
5784,7493,,22
5785,7494,,15
5786,7495,,21
5787,7497,,18
5788,7498,,19
5789,7502,,15
5790,7503,,7
5791,7504,,24
5792,7506,,4
5793,7507,,15
5794,7508,,5
5795,7509,,3
5796,7511,,2
5797,7512,,8
5798,7513,,2
5799,7514,,6
5800,7515,,4
5801,7518,,17
5802,7519,,17
5803,7520,,17
5804,7521,,18
5805,7522,,1
5806,7524,,18
5807,7525,,21
5808,7526,,17
5809,7527,,3
5810,7528,,17
5811,7530,,1
5812,7531,,2
5813,7532,,2
5814,7533,,2
5815,7535,,2
5816,7536,,18
5817,7537,,3
5818,7539,,11
5819,7540,,12
5820,7542,,16
5821,7543,,1
5822,7545,,12
5823,7547,,14
5824,7548,,13
5825,7549,,21
5826,7551,,3
5827,7552,,21
5828,7554,,2
5829,7555,,15
5830,7556,,19
5831,7557,,22
5832,7558,,11
5833,7559,,13
5834,7560,,15
5835,7561,,19
5836,7563,,4
5837,7564,,21
5838,7565,,15
5839,7566,,14
5840,7567,,18
5841,7568,,17
5842,7570,,19
5843,7571,,5
5844,7573,,7
5845,7574,,14
5846,7576,,10
5847,7577,,6
5848,7579,,21
5849,7580,,14
5850,7581,,6
5851,7583,,19
5852,7584,,18
5853,7586,,11
5854,7587,,19
5855,7588,,3
5856,7590,,22
5857,7591,,2
5858,7592,,20
5859,7593,,6
5860,7594,,17
5861,7595,,11
5862,7596,,3
5863,7597,,19
5864,7598,,16
5865,7601,,12
5866,7602,,2
5867,7605,,11
5868,7606,,9
5869,7608,,23
5870,7609,,14
5871,7610,,20
5872,7611,,25
5873,7612,,18
5874,7613,,12
5875,7614,,2
5876,7615,,15
5877,7616,,22
5878,7617,,4
5879,7618,,9
5880,7619,,4
5881,7620,,12
5882,7621,,5
5883,7622,,9
5884,7623,,15
5885,7624,,7
5886,7625,,20
5887,7626,,10
5888,7627,,15
5889,7628,,14
5890,7629,,18
5891,7630,,24
5892,7632,,20
5893,7634,,13
5894,7635,,1
5895,7636,,15
5896,7637,,17
5897,7638,,5
5898,7639,,6
5899,7640,,12
5900,7641,,22
5901,7642,,22
5902,7643,,13
5903,7644,,5
5904,7645,,11
5905,7646,,16
5906,7647,,7
5907,7648,,4
5908,7649,,1
5909,7650,,20
5910,7655,,1
5911,7656,,1
5912,7657,,18
5913,7659,,17
5914,7660,,13
5915,7664,,4
5916,7665,,8
5917,7666,,19
5918,7667,,10
5919,7669,,12
5920,7670,,12
5921,7671,,23
5922,7672,,10
5923,7673,,1
5924,7674,,9
5925,7675,,3
5926,7676,,22
5927,7677,,12
5928,7678,,21
5929,7679,,22
5930,7680,,19
5931,7682,,21
5932,7683,,3
5933,7684,,9
5934,7686,,3
5935,7687,,15
5936,7688,,22
5937,7690,,17
5938,7695,,4
5939,7696,,12
5940,7697,,3
5941,7698,,20
5942,7699,,1
5943,7700,,13
5944,7702,,22
5945,7703,,7
5946,7704,,26
5947,7705,,21
5948,7706,,5
5949,7708,,9
5950,7709,,17
5951,7710,,14
5952,7711,,22
5953,7712,,15
5954,7714,,24
5955,7715,,10
5956,7716,,13
5957,7717,,1
5958,7719,,5
5959,7720,,2
5960,7721,,22
5961,7723,,17
5962,7724,,18
5963,7725,,22
5964,7727,,14
5965,7728,,18
5966,7729,,16
5967,7730,,21
5968,7732,,3
5969,7733,,5
5970,7734,,20
5971,7735,,14
5972,7737,,22
5973,7738,,6
5974,7739,,16
5975,7740,,12
5976,7741,,14
5977,7743,,20
5978,7744,,3
5979,7745,,18
5980,7748,,10
5981,7749,,18
5982,7750,,19
5983,7751,,3
5984,7753,,6
5985,7754,,22
5986,7755,,17
5987,7756,,18
5988,7757,,12
5989,7758,,16
5990,7759,,1
5991,7760,,26
5992,7761,,15
5993,7762,,12
5994,7764,,17
5995,7765,,16
5996,7766,,1
5997,7768,,2
5998,7769,,22
5999,7770,,16
6000,7771,,10
6001,7773,,9
6002,7774,,20
6003,7775,,1
6004,7776,,19
6005,7778,,21
6006,7780,,19
6007,7781,,5
6008,7782,,11
6009,7783,,12
6010,7784,,10
6011,7785,,16
6012,7787,,3
6013,7788,,8
6014,7789,,12
6015,7790,,25
6016,7791,,14
6017,7792,,2
6018,7795,,5
6019,7796,,16
6020,7797,,17
6021,7798,,2
6022,7799,,5
6023,7801,,2
6024,7802,,9
6025,7803,,2
6026,7804,,14
6027,7805,,7
6028,7807,,17
6029,7809,,20
6030,7810,,2
6031,7811,,16
6032,7812,,9
6033,7813,,13
6034,7814,,20
6035,7815,,4
6036,7816,,5
6037,7817,,8
6038,7818,,19
6039,7819,,12
6040,7821,,3
6041,7822,,7
6042,7823,,20
6043,7824,,11
6044,7825,,14
6045,7826,,23
6046,7827,,4
6047,7828,,12
6048,7831,,3
6049,7833,,22
6050,7834,,8
6051,7835,,6
6052,7836,,12
6053,7837,,12
6054,7838,,6
6055,7839,,21
6056,7840,,21
6057,7841,,2
6058,7842,,21
6059,7843,,7
6060,7844,,5
6061,7845,,10
6062,7846,,2
6063,7847,,5
6064,7848,,21
6065,7849,,2
6066,7850,,15
6067,7851,,14
6068,7852,,5
6069,7853,,17
6070,7854,,19
6071,7855,,1
6072,7856,,6
6073,7857,,16
6074,7858,,4
6075,7859,,11
6076,7860,,19
6077,7861,,13
6078,7862,,4
6079,7863,,17
6080,7865,,18
6081,7866,,3
6082,7867,,20
6083,7870,,19
6084,7871,,1
6085,7872,,1
6086,7873,,8
6087,7874,,4
6088,7875,,20
6089,7876,,1
6090,7877,,8
6091,7879,,4
6092,7880,,3
6093,7881,,6
6094,7882,,12
6095,7884,,20
6096,7886,,14
6097,7887,,21
6098,7888,,2
6099,7889,,7
6100,7890,,25
6101,7892,,12
6102,7893,,21
6103,7894,,4
6104,7896,,20
6105,7898,,18
6106,7899,,12
6107,7900,,18
6108,7901,,8
6109,7905,,3
6110,7906,,9
6111,7907,,15
6112,7908,,12
6113,7909,,20
6114,7911,,6
6115,7912,,22
6116,7913,,8
6117,7914,,11
6118,7915,,23
6119,7917,,2
6120,7918,,22
6121,7919,,3
6122,7920,,23
6123,7922,,3
6124,7923,,18
6125,7924,,23
6126,7926,,13
6127,7927,,12
6128,7928,,16
6129,7929,,18
6130,7933,,16
6131,7934,,21
6132,7935,,9
6133,7936,,7
6134,7937,,20
6135,7938,,3
6136,7939,,16
6137,7940,,16
6138,7941,,18
6139,7943,,13
6140,7944,,1
6141,7945,,22
6142,7946,,15
6143,7947,,18
6144,7948,,14
6145,7949,,2
6146,7951,,9
6147,7953,,3
6148,7954,,1
6149,7956,,16
6150,7957,,15
6151,7959,,15
6152,7960,,13
6153,7961,,3
6154,7961,,8
6155,7962,,15
6156,7963,,21
6157,7964,,18
6158,7965,,19
6159,7970,,2
6160,7972,,4
6161,7973,,14
6162,7974,,3
6163,7975,,22
6164,7977,,10
6165,7978,,22
6166,7979,,4
6167,7982,,14
6168,7983,,4
6169,7984,,19
6170,7990,,21
6171,7991,,5
6172,7992,,22
6173,7993,,19
6174,7994,,20
6175,7995,,12
6176,7996,,21
6177,7997,,13
6178,7998,,7
6179,7999,,18
6180,8000,,20
6181,8004,,8
6182,8005,,22
6183,8006,,13
6184,8008,,11
6185,8009,,11
6186,8011,,8
6187,8012,,8
6188,8013,,12
6189,8014,,22
6190,8016,,17
6191,8018,,13
6192,8019,,17
6193,8020,,17
6194,8021,,13
6195,8022,,18
6196,8024,,8
6197,8025,,5
6198,8026,,20
6199,8028,,23
6200,8029,,11
6201,8030,,2
6202,8031,,13
6203,8033,,10
6204,8034,,13
6205,8035,,17
6206,8038,,18
6207,8039,,13
6208,8040,,4
6209,8041,,11
6210,8045,,13
6211,8046,,21
6212,8047,,22
6213,8048,,11
6214,8049,,19
6215,8051,,6
6216,8052,,15
6217,8053,,15
6218,8054,,22
6219,8055,,12
6220,8057,,17
6221,8058,,17
6222,8060,,3
6223,8061,,14
6224,8062,,10
6225,8064,,18
6226,8065,,2
6227,8067,,23
6228,8068,,5
6229,8069,,17
6230,8071,,7
6231,8072,,18
6232,8073,,3
6233,8075,,5
6234,8076,,5
6235,8077,,22
6236,8078,,6
6237,8079,,8
6238,8080,,5
6239,8082,,4
6240,8083,,5
6241,8084,,9
6242,8085,,10
6243,8086,,18
6244,8087,,2
6245,8088,,8
6246,8089,,17
6247,8091,,1
6248,8094,,5
6249,8095,,22
6250,8096,,1
6251,8098,,5
6252,8100,,22
6253,8102,,21
6254,8105,,11
6255,8106,,15
6256,8107,,3
6257,8108,,4
6258,8109,,17
6259,8110,,2
6260,8111,,21
6261,8112,,12
6262,8113,,19
6263,8114,,1
6264,8115,,22
6265,8116,,16
6266,8117,,1
6267,8118,,5
6268,8119,,2
6269,8120,,14
6270,8121,,9
6271,8122,,2
6272,8123,,16
6273,8124,,16
6274,8125,,13
6275,8126,,7
6276,8128,,15
6277,8129,,6
6278,8131,,7
6279,8132,,5
6280,8133,,6
6281,8134,,20
6282,8135,,5
6283,8137,,1
6284,8138,,12
6285,8140,,7
6286,8142,,17
6287,8143,,16
6288,8144,,10
6289,8145,,15
6290,8146,,22
6291,8147,,10
6292,8149,,6
6293,8151,,2
6294,8152,,4
6295,8153,,7
6296,8154,,21
6297,8155,,11
6298,8156,,9
6299,8157,,9
6300,8158,,18
6301,8159,,8
6302,8160,,18
6303,8161,,4
6304,8162,,3
6305,8163,,11
6306,8164,,7
6307,8165,,4
6308,8167,,12
6309,8170,,17
6310,8171,,22
6311,8172,,23
6312,8175,,15
6313,8177,,5
6314,8178,,2
6315,8179,,15
6316,8180,,13
6317,8182,,22
6318,8184,,19
6319,8185,,12
6320,8186,,22
6321,8187,,18
6322,8188,,13
6323,8189,,9
6324,8191,,18
6325,8192,,26
6326,8193,,18
6327,8195,,4
6328,8196,,13
6329,8198,,17
6330,8200,,15
6331,8201,,19
6332,8203,,22
6333,8206,,16
6334,8207,,4
6335,8208,,7
6336,8209,,14
6337,8211,,12
6338,8214,,20
6339,8215,,11
6340,8216,,14
6341,8217,,9
6342,8218,,6
6343,8219,,15
6344,8221,,12
6345,8222,,5
6346,8224,,21
6347,8225,,9
6348,8226,,19
6349,8227,,8
6350,8229,,3
6351,8230,,7
6352,8231,,14
6353,8232,,12
6354,8233,,4
6355,8235,,5
6356,8236,,7
6357,8237,,21
6358,8239,,22
6359,8241,,9
6360,8243,,15
6361,8244,,19
6362,8245,,18
6363,8246,,3
6364,8247,,12
6365,8248,,2
6366,8249,,19
6367,8250,,7
6368,8251,,18
6369,8252,,3
6370,8253,,24
6371,8254,,15
6372,8255,,8
6373,8256,,3
6374,8257,,3
6375,8258,,1
6376,8259,,24
6377,8261,,11
6378,8262,,7
6379,8263,,19
6380,8264,,5
6381,8265,,1
6382,8266,,16
6383,8267,,20
6384,8268,,11
6385,8269,,5
6386,8270,,6
6387,8272,,12
6388,8273,,2
6389,8274,,16
6390,8275,,20
6391,8277,,23
6392,8278,,20
6393,8280,,22
6394,8281,,3
6395,8282,,18
6396,8283,,9
6397,8285,,20
6398,8286,,12
6399,8287,,21
6400,8288,,13
6401,8289,,4
6402,8290,,19
6403,8291,,15
6404,8292,,24
6405,8293,,6
6406,8294,,8
6407,8296,,14
6408,8297,,17
6409,8298,,4
6410,8299,,21
6411,8300,,21
6412,8301,,20
6413,8302,,13
6414,8303,,13
6415,8304,,4
6416,8305,,4
6417,8306,,5
6418,8307,,11
6419,8309,,16
6420,8310,,6
6421,8311,,2
6422,8312,,13
6423,8313,,18
6424,8314,,15
6425,8315,,20
6426,8316,,3
6427,8317,,6
6428,8318,,12
6429,8319,,10
6430,8321,,3
6431,8323,,20
6432,8325,,23
6433,8327,,7
6434,8328,,19
6435,8329,,3
6436,8330,,21
6437,8331,,22
6438,8332,,22
6439,8333,,17
6440,8335,,5
6441,8336,,2
6442,8337,,12
6443,8338,,15
6444,8339,,4
6445,8340,,17
6446,8341,,2
6447,8342,,15
6448,8344,,13
6449,8345,,19
6450,8346,,22
6451,8347,,21
6452,8348,,19
6453,8349,,18
6454,8350,,1
6455,8351,,7
6456,8352,,20
6457,8353,,11
6458,8354,,3
6459,8355,,5
6460,8356,,20
6461,8357,,22
6462,8358,,3
6463,8359,,4
6464,8361,,5
6465,8362,,2
6466,8363,,15
6467,8364,,2
6468,8365,,11
6469,8366,,10
6470,8367,,21
6471,8368,,4
6472,8370,,6
6473,8371,,1
6474,8372,,21
6475,8373,,8
6476,8374,,26
6477,8375,,9
6478,8376,,7
6479,8377,,6
6480,8378,,2
6481,8379,,17
6482,8380,,10
6483,8383,,12
6484,8384,,1
6485,8385,,22
6486,8386,,13
6487,8387,,17
6488,8390,,7
6489,8391,,13
6490,8392,,22
6491,8393,,12
6492,8394,,16
6493,8395,,16
6494,8398,,22
6495,8399,,16
6496,8401,,12
6497,8402,,18
6498,8405,,17
6499,8406,,2
6500,8407,,15
6501,8409,,6
6502,8410,,18
6503,8411,,15
6504,8414,,12
6505,8415,,3
6506,8417,,10
6507,8418,,3
6508,8419,,8
6509,8420,,9
6510,8421,,20
6511,8423,,6
6512,8424,,10
6513,8426,,15
6514,8427,,11
6515,8428,,5
6516,8429,,16
6517,8430,,5
6518,8431,,21
6519,8433,,13
6520,8435,,6
6521,8436,,1
6522,8437,,19
6523,8438,,1
6524,8439,,4
6525,8440,,11
6526,8441,,15
6527,8442,,18
6528,8444,,17
6529,8445,,19
6530,8446,,9
6531,8447,,16
6532,8448,,9
6533,8449,,16
6534,8452,,22
